CustomerId,Predicted_Churn_Probability,Predicted_Churn_Label,Risk_Tier
15797960,0.98198074,1,High
15791321,0.97761244,1,High
15789582,0.97657573,1,High
15699523,0.9667026,1,High
15691119,0.9649,1,High
15771728,0.961743,1,High
15579826,0.9565096,1,High
15657468,0.9564008,1,High
15769917,0.95455885,1,High
15691504,0.9545505,1,High
15673995,0.95109767,1,High
15671209,0.9505924,1,High
15571571,0.9497583,1,High
15623314,0.94783306,1,High
15586585,0.947143,1,High
15648455,0.9439004,1,High
15794941,0.94351256,1,High
15568032,0.94281393,1,High
15698732,0.942351,1,High
15806049,0.9399446,1,High
15811343,0.93460774,1,High
15732430,0.9339925,1,High
15757617,0.9317515,1,High
15785576,0.92927974,1,High
15691723,0.92820764,1,High
15734202,0.9277608,1,High
15652626,0.92543304,1,High
15618239,0.92451364,1,High
15767818,0.924278,1,High
15631406,0.92193896,1,High
15728005,0.921564,1,High
15582168,0.92037785,1,High
15571529,0.9201251,1,High
15632816,0.91831696,1,High
15614813,0.9181008,1,High
15678916,0.91798514,1,High
15608873,0.91770726,1,High
15620111,0.91620296,1,High
15639265,0.91619456,1,High
15661945,0.9161882,1,High
15726634,0.9157994,1,High
15810593,0.91447,1,High
15566660,0.91409236,1,High
15707473,0.91244394,1,High
15812230,0.9110848,1,High
15772892,0.90981025,1,High
15634245,0.90958625,1,High
15640580,0.908772,1,High
15704987,0.90532905,1,High
15697574,0.9045953,1,High
15785406,0.9030407,1,High
15587299,0.90234417,1,High
15762762,0.90097094,1,High
15628600,0.89883274,1,High
15770995,0.8984005,1,High
15724336,0.89751923,1,High
15684419,0.89677286,1,High
15690452,0.8950916,1,High
15609913,0.89379495,1,High
15569595,0.8931154,1,High
15755649,0.8916516,1,High
15786215,0.8881773,1,High
15693690,0.8874768,1,High
15683183,0.88731515,1,High
15765375,0.88531274,1,High
15565796,0.88430536,1,High
15657637,0.88335013,1,High
15721793,0.88295776,1,High
15773322,0.88182944,1,High
15743617,0.8810926,1,High
15642726,0.88023233,1,High
15660524,0.8802101,1,High
15654025,0.87913924,1,High
15581295,0.87843263,1,High
15783398,0.87802255,1,High
15587210,0.87623054,1,High
15616152,0.875577,1,High
15628298,0.8754736,1,High
15752857,0.87490934,1,High
15724838,0.8729568,1,High
15634281,0.8722355,1,High
15771383,0.87193596,1,High
15812534,0.87112284,1,High
15631882,0.8705437,1,High
15572762,0.8693613,1,High
15806546,0.86924165,1,High
15764105,0.8691482,1,High
15574842,0.86593837,1,High
15804721,0.8649427,1,High
15788224,0.86415476,1,High
15578648,0.86266696,1,High
15665222,0.86060077,1,High
15809772,0.86051977,1,High
15787161,0.86031246,1,High
15577274,0.8601977,1,High
15664808,0.8600165,1,High
15587535,0.85912275,1,High
15656100,0.858818,1,High
15584704,0.8584958,1,High
15775625,0.85654134,1,High
15655368,0.85601926,1,High
15654901,0.8559598,1,High
15649183,0.8553655,1,High
15698932,0.8546306,1,High
15580249,0.85406494,1,High
15605425,0.8536998,1,High
15613427,0.85310096,1,High
15650933,0.8526841,1,High
15689344,0.8524296,1,High
15711299,0.85061806,1,High
15653050,0.8498071,1,High
15647570,0.8497371,1,High
15719561,0.848539,1,High
15593954,0.84797597,1,High
15660475,0.8476122,1,High
15654495,0.8474801,1,High
15714087,0.8473712,1,High
15713347,0.84652466,1,High
15595609,0.8444822,1,High
15753079,0.84354687,1,High
15638463,0.8427617,1,High
15706537,0.8421123,1,High
15680970,0.8410075,1,High
15604497,0.8398956,1,High
15640418,0.8393755,1,High
15659105,0.83933055,1,High
15757015,0.8385183,1,High
15631871,0.8384782,1,High
15696605,0.83842474,1,High
15772250,0.83798295,1,High
15774630,0.8376552,1,High
15738828,0.83714825,1,High
15799600,0.8371303,1,High
15644356,0.83678615,1,High
15809777,0.8356793,1,High
15645316,0.8352483,1,High
15740868,0.834911,1,High
15700657,0.8347183,1,High
15772363,0.83387125,1,High
15804862,0.8335134,1,High
15631310,0.83186334,1,High
15635502,0.8317021,1,High
15729582,0.8308379,1,High
15610711,0.83073795,1,High
15689294,0.82970786,1,High
15721569,0.82856095,1,High
15622461,0.8280192,1,High
15723484,0.8279511,1,High
15677307,0.8273562,1,High
15703059,0.8271991,1,High
15754177,0.82685786,1,High
15810942,0.82643175,1,High
15766272,0.8262572,1,High
15713144,0.8262078,1,High
15600832,0.8253426,1,High
15612893,0.8250754,1,High
15771569,0.82407475,1,High
15677906,0.8235191,1,High
15711251,0.8235138,1,High
15800583,0.82308775,1,High
15620570,0.82305396,1,High
15592222,0.8229339,1,High
15694381,0.82212394,1,High
15792250,0.8220434,1,High
15751185,0.8219187,1,High
15624755,0.8212808,1,High
15672082,0.82005334,1,High
15722548,0.8195756,1,High
15737647,0.81952864,1,High
15775797,0.81906873,1,High
15716984,0.8177059,1,High
15761713,0.8174193,1,High
15758769,0.81674385,1,High
15736760,0.8157267,1,High
15673481,0.81538385,1,High
15807595,0.8149278,1,High
15576368,0.8146695,1,High
15698184,0.8146401,1,High
15639303,0.81457144,1,High
15599081,0.81384856,1,High
15570192,0.81384593,1,High
15699325,0.81362903,1,High
15750811,0.81334513,1,High
15706268,0.81321496,1,High
15586970,0.8131792,1,High
15649280,0.8131149,1,High
15776939,0.8127851,1,High
15624293,0.8124667,1,High
15621520,0.81242245,1,High
15696514,0.81228215,1,High
15749472,0.8116549,1,High
15806081,0.8111789,1,High
15622527,0.81098264,1,High
15574910,0.8107985,1,High
15630466,0.81004286,1,High
15699284,0.8094398,1,High
15739123,0.80852807,1,High
15713632,0.8076872,1,High
15759250,0.80756646,1,High
15747854,0.8075125,1,High
15661507,0.80683756,1,High
15790299,0.80654573,1,High
15755223,0.80552334,1,High
15610643,0.8051041,1,High
15623858,0.80398804,1,High
15634359,0.80387,1,High
15752300,0.8035257,1,High
15797910,0.80315703,1,High
15643908,0.80302894,1,High
15815443,0.8028304,1,High
15669946,0.8022945,1,High
15807889,0.80220866,1,High
15627484,0.80219656,1,High
15621870,0.8018883,1,High
15802274,0.8017793,1,High
15669957,0.8013882,1,High
15783305,0.80118555,1,High
15617320,0.80024576,1,High
15662100,0.7993785,1,High
15670205,0.7990648,1,High
15760085,0.79901826,1,High
15624343,0.7988776,1,High
15646859,0.79748094,1,High
15630910,0.79733896,1,High
15598259,0.7961197,1,High
15569764,0.7948388,1,High
15707011,0.79418486,1,High
15637891,0.7940539,1,High
15735799,0.7937094,1,High
15793116,0.793138,1,High
15709917,0.7929865,1,High
15754053,0.7923579,1,High
15568162,0.79234487,1,High
15778320,0.7922731,1,High
15569759,0.79220605,1,High
15782390,0.79201186,1,High
15802909,0.79172146,1,High
15715527,0.791505,1,High
15742116,0.7912169,1,High
15777054,0.7911631,1,High
15717937,0.7901962,1,High
15717527,0.7897653,1,High
15799515,0.7888957,1,High
15741385,0.7881137,1,High
15811032,0.7877776,1,High
15720284,0.78696084,1,High
15672516,0.78670466,1,High
15771000,0.7864024,1,High
15608804,0.786044,1,High
15764351,0.78552854,1,High
15797190,0.7846689,1,High
15714227,0.78465223,1,High
15727944,0.7836635,1,High
15697201,0.78357005,1,High
15573452,0.7835064,1,High
15798615,0.7824758,1,High
15604130,0.7812407,1,High
15643658,0.78118044,1,High
15802368,0.7804615,1,High
15620268,0.7802521,1,High
15794273,0.7799424,1,High
15589488,0.7799241,1,High
15678206,0.7795297,1,High
15679963,0.77918637,1,High
15736730,0.7790435,1,High
15721207,0.77753824,1,High
15568088,0.7775255,1,High
15566891,0.77715397,1,High
15756824,0.77685016,1,High
15651001,0.7766008,1,High
15692137,0.7762642,1,High
15621227,0.7762608,1,High
15784676,0.7748363,1,High
15795124,0.77448386,1,High
15757568,0.7740981,1,High
15616365,0.7738394,1,High
15691625,0.7728913,1,High
15788535,0.77222925,1,High
15784209,0.77141136,1,High
15750658,0.77050275,1,High
15814772,0.7704135,1,High
15661290,0.76979595,1,High
15714642,0.7693988,1,High
15680920,0.76935726,1,High
15737778,0.76904666,1,High
15687079,0.76904166,1,High
15659399,0.7689128,1,High
15766686,0.76863915,1,High
15687634,0.7683726,1,High
15778135,0.76829696,1,High
15594450,0.7681995,1,High
15607690,0.7676064,1,High
15674765,0.7670812,1,High
15647266,0.76705706,1,High
15676117,0.7668688,1,High
15730673,0.76679075,1,High
15625964,0.7667502,1,High
15788183,0.76664585,1,High
15679297,0.76616085,1,High
15743714,0.7658389,1,High
15640922,0.7653539,1,High
15769389,0.7645827,1,High
15605447,0.7645539,1,High
15693526,0.7644909,1,High
15702377,0.76439476,1,High
15771477,0.76438814,1,High
15725355,0.76428974,1,High
15811978,0.764193,1,High
15592028,0.7639103,1,High
15762928,0.7638913,1,High
15587451,0.7638493,1,High
15807481,0.76356226,1,High
15763274,0.76350826,1,High
15639552,0.7634352,1,High
15774847,0.76330405,1,High
15734659,0.7632431,1,High
15681075,0.7618944,1,High
15784148,0.76131415,1,High
15658169,0.76105785,1,High
15813850,0.76097775,1,High
15590828,0.7608911,1,High
15612455,0.76066256,1,High
15578369,0.75976735,1,High
15568742,0.7597065,1,High
15598846,0.7596131,1,High
15580845,0.7595943,1,High
15620276,0.75915295,1,High
15629511,0.75874,1,High
15694098,0.75832254,1,High
15680430,0.7578898,1,High
15654964,0.75698936,1,High
15691543,0.7566411,1,High
15775238,0.7564154,1,High
15570508,0.7554782,1,High
15684211,0.7549488,1,High
15812628,0.75476134,1,High
15635388,0.7544326,1,High
15670416,0.7544058,1,High
15718216,0.7543423,1,High
15737489,0.75393844,1,High
15694143,0.75352156,1,High
15782550,0.753162,1,High
15587640,0.7519613,1,High
15750728,0.7516655,1,High
15703614,0.75152427,1,High
15744240,0.751415,1,High
15721740,0.75093716,1,High
15745307,0.75051814,1,High
15693877,0.75005925,1,High
15679284,0.7499274,1,High
15636820,0.7494279,1,High
15635277,0.74917966,1,High
15762927,0.7490092,1,High
15678412,0.74868274,1,High
15609977,0.74774665,1,High
15686812,0.7471571,1,High
15777452,0.7462074,1,High
15737542,0.7460426,1,High
15646726,0.7460362,1,High
15589754,0.74394166,1,High
15732113,0.7438121,1,High
15791111,0.74372375,1,High
15786454,0.74342614,1,High
15705777,0.74297833,1,High
15783026,0.7417256,1,High
15741032,0.74158937,1,High
15577806,0.74134475,1,High
15671630,0.7410916,1,High
15627203,0.7409816,1,High
15695299,0.74079704,1,High
15803005,0.7407317,1,High
15757912,0.7404904,1,High
15750569,0.74000436,1,High
15804201,0.7398491,1,High
15796179,0.7397652,1,High
15616630,0.73957217,1,High
15651713,0.73920333,1,High
15753370,0.7390585,1,High
15583552,0.73905057,1,High
15776124,0.7387538,1,High
15675185,0.73871917,1,High
15779586,0.73834205,1,High
15734674,0.73754317,1,High
15699467,0.7374594,1,High
15765650,0.7373485,1,High
15680727,0.7373456,1,High
15792722,0.7366854,1,High
15694039,0.73616815,1,High
15751227,0.7358293,1,High
15602043,0.735525,1,High
15701160,0.73496866,1,High
15774382,0.7348191,1,High
15661528,0.73458475,1,High
15738588,0.73403597,1,High
15695034,0.7336286,1,High
15612524,0.73286325,1,High
15694644,0.7325776,1,High
15645496,0.73226404,1,High
15728693,0.7322519,1,High
15639277,0.7319292,1,High
15767358,0.7318406,1,High
15611699,0.73175895,1,High
15668775,0.7301162,1,High
15594928,0.7292007,1,High
15767339,0.7290237,1,High
15754952,0.72888273,1,High
15789201,0.72797024,1,High
15796790,0.72748643,1,High
15673333,0.7269444,1,High
15693893,0.72659546,1,High
15755242,0.7265636,1,High
15753102,0.72613764,1,High
15574072,0.72610354,1,High
15732299,0.72595173,1,High
15803804,0.7246333,1,High
15666982,0.7240216,1,High
15655574,0.7234181,1,High
15736533,0.72336864,1,High
15621768,0.72315836,1,High
15680112,0.72302693,1,High
15591035,0.72262996,1,High
15791991,0.722353,1,High
15805429,0.7213558,1,High
15738662,0.72105587,1,High
15784161,0.72049606,1,High
15616471,0.72011244,1,High
15776128,0.7195811,1,High
15794560,0.7194291,1,High
15728006,0.7192139,1,High
15616280,0.7190406,1,High
15780362,0.71879363,1,High
15717736,0.71667844,1,High
15645956,0.7161891,1,High
15681402,0.7157393,1,High
15729908,0.71551573,1,High
15734578,0.71479666,1,High
15785339,0.71478844,1,High
15771750,0.71411526,1,High
15742834,0.7138626,1,High
15700826,0.7138004,1,High
15735346,0.7135865,1,High
15571002,0.7135159,1,High
15726087,0.71304184,1,High
15670738,0.7123735,1,High
15796015,0.7117986,1,High
15764343,0.71116865,1,High
15703979,0.7110015,1,High
15580366,0.71088946,1,High
15740147,0.71073365,1,High
15727489,0.71017754,1,High
15588186,0.71010286,1,High
15726832,0.71006966,1,High
15785485,0.7098322,1,High
15662854,0.70972306,1,High
15723907,0.7094817,1,High
15738291,0.7085258,1,High
15611756,0.7081466,1,High
15814268,0.7079331,1,High
15687130,0.7076642,1,High
15649536,0.7075359,1,High
15776725,0.70732886,1,High
15750837,0.706711,1,High
15728912,0.7055488,1,High
15691910,0.7051477,1,High
15610930,0.70512867,1,High
15614934,0.7045569,1,High
15618816,0.70425415,1,High
15596649,0.70380276,1,High
15754342,0.70368284,1,High
15590327,0.70299435,1,High
15646535,0.7022695,1,High
15804771,0.7022086,1,High
15788442,0.69993424,1,High
15715709,0.69957465,1,High
15683544,0.6993668,1,High
15567367,0.69936013,1,High
15749123,0.699151,1,High
15687765,0.6983893,1,High
15700540,0.69833714,1,High
15741197,0.69824195,1,High
15735358,0.69766057,1,High
15646817,0.6976569,1,High
15815530,0.6973936,1,High
15585255,0.6972361,1,High
15575694,0.69637847,1,High
15754537,0.6963631,1,High
15797627,0.6960878,1,High
15567399,0.6959788,1,High
15618765,0.69590193,1,High
15717010,0.6958636,1,High
15625819,0.69579333,1,High
15718039,0.6957438,1,High
15626948,0.695587,1,High
15616666,0.6955639,1,High
15715003,0.69492614,1,High
15691875,0.6949157,1,High
15807045,0.69394016,1,High
15656912,0.6939167,1,High
15613623,0.69283867,1,High
15785170,0.69226134,1,High
15609562,0.691905,1,High
15690134,0.69182223,1,High
15612050,0.69177955,1,High
15798200,0.69169366,1,High
15708917,0.6916269,1,High
15796787,0.6911136,1,High
15578835,0.69053787,1,High
15646366,0.69047076,1,High
15787204,0.6899829,1,High
15706365,0.68982124,1,High
15724684,0.68979824,1,High
15715117,0.6893478,1,High
15583212,0.6891701,1,High
15724466,0.6888417,1,High
15792388,0.6887486,1,High
15646566,0.68846625,1,High
15709387,0.68833774,1,High
15802625,0.68831235,1,High
15570073,0.68802124,1,High
15672246,0.6878208,1,High
15617078,0.68769556,1,High
15676576,0.68758047,1,High
15723894,0.68724763,1,High
15747795,0.68676627,1,High
15614936,0.6867304,1,High
15744691,0.68647295,1,High
15644280,0.6864404,1,High
15597536,0.6864332,1,High
15750407,0.68631923,1,High
15796569,0.68614125,1,High
15593280,0.685781,1,High
15679307,0.6854259,1,High
15722122,0.68525964,1,High
15693267,0.68521905,1,High
15595153,0.68509114,1,High
15702499,0.6850865,1,High
15814331,0.685075,1,High
15800049,0.6850312,1,High
15707007,0.6847664,1,High
15644878,0.68470955,1,High
15765415,0.6845057,1,High
15775678,0.68450034,1,High
15668444,0.6840492,1,High
15678882,0.6832587,1,High
15680611,0.6832257,1,High
15602994,0.6830616,1,High
15788683,0.68301684,1,High
15670345,0.6828902,1,High
15707120,0.68249124,1,High
15735078,0.68200284,1,High
15709441,0.6814215,1,High
15614847,0.6812332,1,High
15770548,0.68119925,1,High
15653780,0.68100077,1,High
15739847,0.68098253,1,High
15803941,0.68097764,1,High
15742824,0.6808151,1,High
15751180,0.6793207,1,High
15600700,0.67855346,1,High
15781534,0.6783373,1,High
15702442,0.6779692,1,High
15599452,0.67765635,1,High
15678129,0.67725426,1,High
15712930,0.6772246,1,High
15791131,0.67693484,1,High
15612667,0.6766336,1,High
15641004,0.6764734,1,High
15599078,0.6763987,1,High
15629846,0.6755682,1,High
15786153,0.67493707,1,High
15679062,0.6740856,1,High
15784736,0.673958,1,High
15775203,0.6739555,1,High
15698839,0.6738676,1,High
15619360,0.673157,1,High
15607269,0.6718615,1,High
15595831,0.6711123,1,High
15719856,0.67110765,1,High
15573520,0.67047113,1,High
15760102,0.6703271,1,High
15736112,0.66996634,1,High
15663817,0.6694437,1,High
15732020,0.66874814,1,High
15725818,0.6687263,1,High
15641474,0.6683747,1,High
15630053,0.6681574,1,High
15793324,0.6676929,1,High
15677369,0.6676107,1,High
15705991,0.66760707,1,High
15631685,0.66732,1,High
15694510,0.6671375,1,High
15650018,0.6669908,1,High
15685279,0.666959,1,High
15698791,0.66676176,1,High
15723851,0.6667248,1,High
15716218,0.6665584,1,High
15606158,0.6664785,1,High
15610801,0.66641945,1,High
15688071,0.66592443,1,High
15783477,0.6646978,1,High
15689201,0.66458434,1,High
15569247,0.6641768,1,High
15578866,0.6640336,1,High
15641110,0.66372156,1,High
15687959,0.6629286,1,High
15673790,0.6625913,1,High
15761453,0.6625558,1,High
15742442,0.6623272,1,High
15569452,0.66200477,1,High
15702416,0.66151303,1,High
15760521,0.66106594,1,High
15766810,0.6608574,1,High
15748608,0.6605848,1,High
15726234,0.659935,1,High
15653521,0.6597873,1,High
15638047,0.65973604,1,High
15595135,0.65963995,1,High
15584271,0.6593424,1,High
15571121,0.65886015,1,High
15621063,0.6587902,1,High
15596339,0.6587412,1,High
15685844,0.6581659,1,High
15687558,0.65814614,1,High
15803136,0.6581439,1,High
15709459,0.65814036,1,High
15766378,0.65741163,1,High
15581282,0.65740883,1,High
15758451,0.656987,1,High
15667476,0.65691555,1,High
15764432,0.65682936,1,High
15757140,0.6567017,1,High
15680895,0.6563172,1,High
15630241,0.65610796,1,High
15653952,0.65559715,1,High
15594404,0.6552976,1,High
15812497,0.6549367,1,High
15756560,0.6545728,1,High
15595883,0.65416276,1,High
15613463,0.65389305,1,High
15795370,0.65388566,1,High
15600110,0.65319633,1,High
15654975,0.65316427,1,High
15632521,0.6530965,1,High
15630419,0.65300447,1,High
15810218,0.65291584,1,High
15579262,0.652779,1,High
15658364,0.6526688,1,High
15610355,0.65242136,1,High
15765014,0.6518912,1,High
15576313,0.651833,1,High
15713596,0.65158415,1,High
15747878,0.6510228,1,High
15696355,0.6509919,1,High
15623502,0.6509138,1,High
15619016,0.65054435,1,High
15794276,0.6504821,1,High
15800793,0.6502622,1,High
15575146,0.64970404,1,High
15709643,0.6495356,1,High
15771636,0.64934725,1,High
15616451,0.6492299,1,High
15775335,0.64860135,1,High
15581197,0.6484711,1,High
15589431,0.64839053,1,High
15713912,0.64802897,1,High
15754168,0.64772135,1,High
15605461,0.6475124,1,High
15602851,0.6474302,1,High
15632125,0.64738977,1,High
15636407,0.64705473,1,High
15810485,0.64698964,1,High
15614962,0.64689016,1,High
15679048,0.6464552,1,High
15628813,0.64630526,1,High
15686780,0.64610577,1,High
15602929,0.64607465,1,High
15701555,0.64604706,1,High
15689096,0.6459036,1,High
15750099,0.64557433,1,High
15582154,0.64533037,1,High
15607993,0.6448407,1,High
15705521,0.6445374,1,High
15626491,0.64400125,1,High
15721047,0.6436165,1,High
15595537,0.64352596,1,High
15591724,0.64330727,1,High
15577831,0.64313173,1,High
15804017,0.6428443,1,High
15567446,0.6425408,1,High
15731463,0.6424066,1,High
15698474,0.6419912,1,High
15588537,0.64178693,1,High
15572158,0.6417594,1,High
15616028,0.6412106,1,High
15738516,0.64120513,1,High
15746695,0.64107925,1,High
15698792,0.64080685,1,High
15654296,0.64074934,1,High
15684318,0.6405322,1,High
15612931,0.64037794,1,High
15633648,0.6403755,1,High
15706647,0.63978815,1,High
15638003,0.63956755,1,High
15802617,0.6394175,1,High
15763415,0.6391583,1,High
15568885,0.63900095,1,High
15810834,0.63854027,1,High
15776921,0.63840777,1,High
15693322,0.6383184,1,High
15645637,0.63812894,1,High
15621075,0.6381062,1,High
15745455,0.63760287,1,High
15674433,0.63715553,1,High
15692664,0.63698214,1,High
15813911,0.6368962,1,High
15801188,0.6365591,1,High
15596088,0.6364225,1,High
15680346,0.63606864,1,High
15673908,0.6359319,1,High
15699911,0.63551015,1,High
15602405,0.63543797,1,High
15747358,0.635298,1,High
15617432,0.63449913,1,High
15761241,0.63448197,1,High
15623791,0.63426065,1,High
15737506,0.63412666,1,High
15612505,0.63363,1,High
15589195,0.6335889,1,High
15749300,0.6323652,1,High
15666197,0.63156754,1,High
15722350,0.6313343,1,High
15638494,0.6310277,1,High
15716164,0.631009,1,High
15799422,0.63085026,1,High
15625461,0.6308107,1,High
15576124,0.6302901,1,High
15603436,0.63023317,1,High
15694349,0.6298063,1,High
15703264,0.62927425,1,High
15606149,0.6292091,1,High
15665238,0.62907696,1,High
15681924,0.6288989,1,High
15650288,0.62876135,1,High
15738884,0.62836504,1,High
15629551,0.6281855,1,High
15651280,0.62802064,1,High
15705890,0.6277324,1,High
15752809,0.6276273,1,High
15595991,0.6276016,1,High
15799217,0.62733275,1,High
15708513,0.6272293,1,High
15583857,0.627111,1,High
15805955,0.6265802,1,High
15742378,0.62654316,1,High
15657540,0.62627304,1,High
15600478,0.6262408,1,High
15806913,0.6259931,1,High
15625929,0.6258156,1,High
15803842,0.62557733,1,High
15594762,0.62531304,1,High
15744914,0.625276,1,High
15615753,0.625205,1,High
15714993,0.62492365,1,High
15808582,0.624903,1,High
15772009,0.624903,1,High
15683522,0.62424743,1,High
15745452,0.62410027,1,High
15701908,0.62401366,1,High
15579891,0.6237933,1,High
15774738,0.6236886,1,High
15571958,0.62350047,1,High
15649297,0.62347686,1,High
15657747,0.62330705,1,High
15808228,0.622885,1,High
15576111,0.62188774,1,High
15695465,0.6217474,1,High
15728012,0.62025476,1,High
15656710,0.6201156,1,High
15802560,0.6199711,1,High
15624715,0.6197133,1,High
15623536,0.61969656,1,High
15706199,0.6195847,1,High
15585892,0.61954415,1,High
15767129,0.6193784,1,High
15669219,0.61935174,1,High
15783629,0.6192724,1,High
15626608,0.61926144,1,High
15689953,0.6190492,1,High
15807709,0.61892253,1,High
15812920,0.61889577,1,High
15647203,0.6183581,1,High
15603247,0.61835223,1,High
15788189,0.61806655,1,High
15746490,0.6178145,1,High
15707291,0.6176952,1,High
15611029,0.6170964,1,High
15787322,0.6167325,1,High
15606076,0.6161372,1,High
15679294,0.61547655,1,High
15649744,0.61544085,1,High
15751445,0.61532104,1,High
15731478,0.6145356,1,High
15708357,0.61449224,1,High
15750466,0.6143277,1,High
15713532,0.6143013,1,High
15658449,0.61384606,1,High
15722611,0.61363626,1,High
15728333,0.6127686,1,High
15589643,0.6127463,1,High
15733964,0.61205083,1,High
15811327,0.6110938,1,High
15737265,0.6107339,1,High
15705657,0.61044455,1,High
15798348,0.61018276,1,High
15636444,0.610103,1,High
15733387,0.6097868,1,High
15616811,0.6097232,1,High
15638487,0.60935134,1,High
15633640,0.6091352,1,High
15709199,0.6088769,1,High
15806486,0.6085756,1,High
15579223,0.6083882,1,High
15808930,0.60813993,1,High
15681274,0.6072539,1,High
15781665,0.60685194,1,High
15644882,0.6066301,1,High
15790254,0.6064296,1,High
15737605,0.60642403,1,High
15722765,0.6061282,1,High
15695819,0.6060678,1,High
15657868,0.60559,1,High
15732987,0.6055331,1,High
15732740,0.6054888,1,High
15701932,0.6052903,1,High
15641285,0.6046873,1,High
15619953,0.60467625,1,High
15610271,0.6042548,1,High
15781465,0.6040168,1,High
15668818,0.6039923,1,High
15601383,0.6039746,1,High
15775104,0.6034003,1,High
15589230,0.6033883,1,High
15605341,0.6026511,1,High
15801431,0.6025838,1,High
15717893,0.60238874,1,High
15656009,0.60236776,1,High
15582090,0.60218954,1,High
15667588,0.60203606,1,High
15668058,0.60113066,1,High
15708904,0.6010397,1,High
15599090,0.6009201,1,High
15645544,0.6008322,1,High
15566740,0.6005945,1,High
15617301,0.6004896,1,High
15768574,0.600424,1,High
15573280,0.6003666,1,High
15579808,0.6003646,1,High
15760873,0.6002625,1,High
15668747,0.6002602,1,High
15598331,0.59967834,1,Medium
15636860,0.5989862,1,Medium
15588450,0.5989432,1,Medium
15799964,0.5987187,1,Medium
15644400,0.5986541,1,Medium
15799924,0.5983961,1,Medium
15673367,0.5980116,1,Medium
15706269,0.5977103,1,Medium
15607988,0.59769225,1,Medium
15672132,0.5976716,1,Medium
15746422,0.59722143,1,Medium
15696061,0.5970305,1,Medium
15597951,0.59700066,1,Medium
15579781,0.59666955,1,Medium
15686461,0.59620076,1,Medium
15815070,0.5960752,1,Medium
15795290,0.5958539,1,Medium
15785385,0.5957192,1,Medium
15808760,0.5954509,1,Medium
15581286,0.59530985,1,Medium
15653753,0.5950749,1,Medium
15795519,0.5950641,1,Medium
15762268,0.5945525,1,Medium
15577514,0.5941191,1,Medium
15710316,0.59410125,1,Medium
15665385,0.59399194,1,Medium
15637110,0.5936604,1,Medium
15756871,0.5935357,1,Medium
15571550,0.5933355,1,Medium
15747821,0.5932102,1,Medium
15740237,0.5930675,1,Medium
15588350,0.59272987,1,Medium
15596379,0.5926205,1,Medium
15805565,0.5923967,1,Medium
15660608,0.5918383,1,Medium
15705403,0.59164304,1,Medium
15780142,0.591601,1,Medium
15676433,0.5915937,1,Medium
15654230,0.5915396,1,Medium
15809654,0.5914649,1,Medium
15636982,0.59119505,1,Medium
15810203,0.5911461,1,Medium
15603582,0.59059155,1,Medium
15684171,0.5897204,1,Medium
15708710,0.5894323,1,Medium
15746995,0.58923703,1,Medium
15683758,0.5887694,1,Medium
15699492,0.5885906,1,Medium
15774285,0.5879371,1,Medium
15641640,0.58786136,1,Medium
15642870,0.5878578,1,Medium
15754301,0.58779263,1,Medium
15662397,0.58774954,1,Medium
15793693,0.5874584,1,Medium
15764448,0.5874123,1,Medium
15618203,0.58738726,1,Medium
15673074,0.58733445,1,Medium
15664793,0.58729434,1,Medium
15615254,0.587126,1,Medium
15591628,0.5868921,1,Medium
15807003,0.5868543,1,Medium
15737408,0.5862798,1,Medium
15688713,0.5862752,1,Medium
15666856,0.58570987,1,Medium
15645593,0.58565015,1,Medium
15658158,0.58563226,1,Medium
15625941,0.58541346,1,Medium
15714920,0.5853912,1,Medium
15611800,0.58528495,1,Medium
15611189,0.5848417,1,Medium
15757933,0.5847411,1,Medium
15801658,0.5840217,1,Medium
15704378,0.58396333,1,Medium
15749489,0.5839436,1,Medium
15726466,0.58383286,1,Medium
15614635,0.5837751,1,Medium
15604020,0.5834391,1,Medium
15795246,0.5831681,1,Medium
15573242,0.5823856,1,Medium
15584518,0.5821273,1,Medium
15616550,0.582124,1,Medium
15749050,0.5820437,1,Medium
15728167,0.58196527,1,Medium
15722072,0.5818913,1,Medium
15714970,0.58176684,1,Medium
15789924,0.5817296,1,Medium
15776229,0.58154655,1,Medium
15697691,0.58114517,1,Medium
15735080,0.5810484,1,Medium
15764335,0.58089674,1,Medium
15743976,0.5807145,1,Medium
15792818,0.58066,1,Medium
15710553,0.5806542,1,Medium
15567832,0.5805463,1,Medium
15630363,0.5804784,1,Medium
15601263,0.58045924,1,Medium
15593454,0.5803824,1,Medium
15738634,0.5803646,1,Medium
15770375,0.5801477,1,Medium
15746737,0.58008397,1,Medium
15601274,0.57940793,1,Medium
15770041,0.57926404,1,Medium
15622834,0.579201,1,Medium
15773804,0.5791903,1,Medium
15686255,0.5790284,1,Medium
15671934,0.57894003,1,Medium
15716334,0.5788378,1,Medium
15769980,0.57849485,1,Medium
15610912,0.57839376,1,Medium
15663263,0.5782497,1,Medium
15795488,0.5780632,1,Medium
15633378,0.5778969,1,Medium
15806983,0.5770634,1,Medium
15707189,0.57686466,1,Medium
15698572,0.5766081,1,Medium
15637240,0.57622176,1,Medium
15780212,0.57621646,1,Medium
15581620,0.57614607,1,Medium
15703707,0.5757968,1,Medium
15810775,0.575305,1,Medium
15680998,0.5750738,1,Medium
15708139,0.575044,1,Medium
15741180,0.57498854,1,Medium
15632050,0.5746167,1,Medium
15790846,0.5744084,1,Medium
15813917,0.5742731,1,Medium
15726178,0.57413054,1,Medium
15743893,0.5734754,1,Medium
15679760,0.57321095,1,Medium
15671322,0.5731955,1,Medium
15782735,0.5728224,1,Medium
15801788,0.5725466,1,Medium
15611635,0.5724947,1,Medium
15794414,0.5722959,1,Medium
15758048,0.5721294,1,Medium
15786617,0.57207954,1,Medium
15658980,0.5720764,1,Medium
15773779,0.57168233,1,Medium
15686963,0.57163984,1,Medium
15741275,0.5716144,1,Medium
15619935,0.5716076,1,Medium
15784010,0.5714887,1,Medium
15672467,0.571293,1,Medium
15721469,0.57125413,1,Medium
15813697,0.5712248,1,Medium
15633141,0.571204,1,Medium
15658258,0.57073987,1,Medium
15760514,0.5706033,1,Medium
15722090,0.57055044,1,Medium
15627971,0.5703597,1,Medium
15727703,0.5702805,1,Medium
15633574,0.5701268,1,Medium
15758449,0.57006526,1,Medium
15751137,0.569977,1,Medium
15595221,0.569898,1,Medium
15593295,0.56972533,1,Medium
15813022,0.56931466,1,Medium
15675176,0.56927705,1,Medium
15700749,0.5691783,1,Medium
15618410,0.56870437,1,Medium
15638257,0.5681742,1,Medium
15769818,0.5680314,1,Medium
15645778,0.56797695,1,Medium
15622750,0.56758904,1,Medium
15582335,0.56744486,1,Medium
15800229,0.56743073,1,Medium
15812706,0.5672523,1,Medium
15567834,0.5669959,1,Medium
15648136,0.56698626,1,Medium
15687946,0.566864,1,Medium
15690898,0.56672555,1,Medium
15725221,0.5666879,1,Medium
15671917,0.56657153,1,Medium
15575409,0.5665214,1,Medium
15683007,0.5664422,1,Medium
15629010,0.566392,1,Medium
15672216,0.56631726,1,Medium
15795511,0.56631076,1,Medium
15792102,0.566029,1,Medium
15602354,0.5658774,1,Medium
15633474,0.5657716,1,Medium
15699524,0.564824,1,Medium
15709183,0.56461185,1,Medium
15713819,0.5645061,1,Medium
15613319,0.5638726,1,Medium
15617136,0.5636668,1,Medium
15679394,0.5636364,1,Medium
15594685,0.56338954,1,Medium
15705512,0.56285524,1,Medium
15806964,0.5627618,1,Medium
15707974,0.56250733,1,Medium
15643966,0.5623358,1,Medium
15617206,0.5620383,1,Medium
15626414,0.5617648,1,Medium
15690540,0.5617438,1,Medium
15788483,0.5615435,1,Medium
15612140,0.56135154,1,Medium
15641877,0.56105125,1,Medium
15736327,0.5607199,1,Medium
15771059,0.56062984,1,Medium
15635703,0.5602789,1,Medium
15701042,0.5599837,1,Medium
15765487,0.55961674,1,Medium
15566111,0.55959743,1,Medium
15711309,0.5595467,1,Medium
15708228,0.55948895,1,Medium
15781989,0.5592518,1,Medium
15658972,0.5592493,1,Medium
15729975,0.55920446,1,Medium
15577751,0.5588262,1,Medium
15766205,0.558747,1,Medium
15738751,0.5586998,1,Medium
15802869,0.55865467,1,Medium
15588580,0.55842596,1,Medium
15703205,0.5583817,1,Medium
15769522,0.5582969,1,Medium
15703544,0.55764484,1,Medium
15783097,0.5576156,1,Medium
15635078,0.5576134,1,Medium
15701096,0.55751115,1,Medium
15657937,0.55732435,1,Medium
15579996,0.5571725,1,Medium
15652808,0.5568241,1,Medium
15665378,0.55681485,1,Medium
15775662,0.556606,1,Medium
15628558,0.5563703,1,Medium
15627190,0.55634767,1,Medium
15747724,0.55566293,1,Medium
15753969,0.5555708,1,Medium
15623471,0.5554923,1,Medium
15577018,0.5549983,1,Medium
15613923,0.55478984,1,Medium
15663489,0.55459315,1,Medium
15641250,0.5543321,1,Medium
15621116,0.5540394,1,Medium
15656005,0.5537787,1,Medium
15583718,0.55350655,1,Medium
15735339,0.5531452,1,Medium
15683892,0.5530889,1,Medium
15644621,0.5528539,1,Medium
15571973,0.5526866,1,Medium
15681126,0.5526417,1,Medium
15601873,0.5525261,1,Medium
15658987,0.5521713,1,Medium
15705281,0.5517764,1,Medium
15697249,0.55159664,1,Medium
15616555,0.5515543,1,Medium
15770516,0.5514395,1,Medium
15806132,0.55131966,1,Medium
15740175,0.5508943,1,Medium
15592937,0.55086386,1,Medium
15770435,0.5508613,1,Medium
15681446,0.5502993,1,Medium
15672798,0.55018115,1,Medium
15696388,0.54950285,1,Medium
15574369,0.5494126,1,Medium
15689594,0.5489148,1,Medium
15803965,0.54870707,1,Medium
15628697,0.54869103,1,Medium
15784361,0.5485222,1,Medium
15682369,0.5484184,1,Medium
15629545,0.5482005,1,Medium
15691111,0.5479145,1,Medium
15651063,0.54755896,1,Medium
15769948,0.54734886,1,Medium
15681068,0.5472997,1,Medium
15699532,0.54721445,1,Medium
15602456,0.54719496,1,Medium
15795737,0.54696894,1,Medium
15698117,0.5467471,1,Medium
15777616,0.5464375,1,Medium
15667424,0.5462656,1,Medium
15778049,0.54610044,1,Medium
15708610,0.54594404,1,Medium
15710295,0.54545015,1,Medium
15730590,0.54544806,1,Medium
15795458,0.545118,1,Medium
15710928,0.5448168,1,Medium
15798834,0.5445548,1,Medium
15591357,0.54416066,1,Medium
15772262,0.5440839,1,Medium
15763414,0.5439596,1,Medium
15803365,0.5436772,1,Medium
15736271,0.5436697,1,Medium
15661974,0.5436677,1,Medium
15696141,0.5436602,1,Medium
15639133,0.54361534,1,Medium
15726313,0.5433563,1,Medium
15658504,0.543306,1,Medium
15684995,0.5432268,1,Medium
15691792,0.5430043,1,Medium
15766289,0.542893,1,Medium
15665168,0.54284185,1,Medium
15583725,0.54277897,1,Medium
15566091,0.5425825,1,Medium
15588341,0.54239255,1,Medium
15729087,0.5422524,1,Medium
15691627,0.542249,1,Medium
15581748,0.54224455,1,Medium
15686913,0.5421732,1,Medium
15650313,0.54198974,1,Medium
15576156,0.5419395,1,Medium
15792729,0.54191184,1,Medium
15690796,0.54184824,1,Medium
15625311,0.54175943,1,Medium
15627162,0.54153746,1,Medium
15805025,0.54152894,1,Medium
15681562,0.5414149,1,Medium
15791191,0.5408903,1,Medium
15614716,0.5408028,1,Medium
15800268,0.5408019,1,Medium
15653762,0.5406862,1,Medium
15757911,0.54056406,1,Medium
15766776,0.5401085,1,Medium
15775663,0.539882,1,Medium
15595037,0.5397009,1,Medium
15764284,0.5396618,1,Medium
15747807,0.53946525,1,Medium
15682839,0.53893346,1,Medium
15786042,0.5387641,1,Medium
15596647,0.53856826,1,Medium
15566139,0.5381224,1,Medium
15595657,0.5379403,1,Medium
15633516,0.53761435,1,Medium
15607278,0.53760386,1,Medium
15773776,0.53716284,1,Medium
15756481,0.5371083,1,Medium
15749381,0.5370048,1,Medium
15756241,0.53699607,1,Medium
15793425,0.5367328,1,Medium
15602812,0.5365238,1,Medium
15632079,0.536458,1,Medium
15737509,0.53612226,1,Medium
15800440,0.53609174,1,Medium
15628205,0.5359605,1,Medium
15806796,0.53588235,1,Medium
15646558,0.5358509,1,Medium
15572265,0.5358063,1,Medium
15709232,0.53577596,1,Medium
15574119,0.53545856,1,Medium
15691808,0.5353424,1,Medium
15735400,0.535281,1,Medium
15750104,0.5352023,1,Medium
15657565,0.53506064,1,Medium
15667458,0.53497833,1,Medium
15600462,0.53482395,1,Medium
15757648,0.53450096,1,Medium
15647974,0.5344257,1,Medium
15804357,0.5343723,1,Medium
15749265,0.53394055,1,Medium
15730540,0.5337437,1,Medium
15637977,0.5335063,1,Medium
15739160,0.5332373,1,Medium
15766066,0.53323346,1,Medium
15805312,0.53286767,1,Medium
15766908,0.532858,1,Medium
15609899,0.53275955,1,Medium
15590177,0.53270847,1,Medium
15700964,0.5324762,1,Medium
15600724,0.53242564,1,Medium
15637650,0.5323108,1,Medium
15601719,0.532264,1,Medium
15724150,0.531989,1,Medium
15566156,0.5318815,1,Medium
15695280,0.53174317,1,Medium
15630328,0.5313846,1,Medium
15700223,0.53138244,1,Medium
15670080,0.5312989,1,Medium
15684908,0.5312705,1,Medium
15654238,0.5311244,1,Medium
15761374,0.5310236,1,Medium
15764226,0.5309766,1,Medium
15811036,0.5309287,1,Medium
15756277,0.5309282,1,Medium
15589869,0.5308343,1,Medium
15692110,0.5306481,1,Medium
15724851,0.530646,1,Medium
15692631,0.53063005,1,Medium
15707918,0.530519,1,Medium
15587596,0.53049195,1,Medium
15628170,0.5301034,1,Medium
15584320,0.5300632,1,Medium
15814664,0.52969396,1,Medium
15811958,0.5294311,1,Medium
15590286,0.5293443,1,Medium
15766609,0.5292052,1,Medium
15691871,0.5291534,1,Medium
15714939,0.52910143,1,Medium
15778696,0.5288778,1,Medium
15694188,0.52859247,1,Medium
15790282,0.52852046,1,Medium
15663939,0.5280457,1,Medium
15736778,0.5280122,1,Medium
15767432,0.52792656,1,Medium
15613017,0.5277769,1,Medium
15751057,0.52777636,1,Medium
15663808,0.5277738,1,Medium
15600813,0.5277541,1,Medium
15800736,0.527458,1,Medium
15652266,0.5272358,1,Medium
15790763,0.52712965,1,Medium
15576706,0.5270982,1,Medium
15723217,0.52684,1,Medium
15613880,0.5267658,1,Medium
15804075,0.52656484,1,Medium
15756167,0.5263551,1,Medium
15599289,0.5263156,1,Medium
15634772,0.52626574,1,Medium
15778025,0.52619815,1,Medium
15746076,0.5261192,1,Medium
15701809,0.5261163,1,Medium
15697497,0.52608806,1,Medium
15812338,0.52602196,1,Medium
15571666,0.5260194,1,Medium
15688760,0.5259934,1,Medium
15801316,0.5257998,1,Medium
15764922,0.525292,1,Medium
15780804,0.52510995,1,Medium
15701109,0.52484304,1,Medium
15718572,0.52453154,1,Medium
15675141,0.524393,1,Medium
15775756,0.5241649,1,Medium
15676091,0.5241335,1,Medium
15568025,0.5241106,1,Medium
15706185,0.5240583,1,Medium
15684469,0.5239009,1,Medium
15717056,0.5234194,1,Medium
15712068,0.52341145,1,Medium
15713770,0.52338076,1,Medium
15570299,0.52323216,1,Medium
15594349,0.5229615,1,Medium
15715208,0.52272165,1,Medium
15725776,0.5226903,1,Medium
15711901,0.52267843,1,Medium
15726088,0.5226501,1,Medium
15726557,0.52218544,1,Medium
15744368,0.5221592,1,Medium
15795186,0.52213407,1,Medium
15658675,0.52205217,1,Medium
15626710,0.52200603,1,Medium
15633461,0.52199054,1,Medium
15669491,0.5217114,1,Medium
15815420,0.52168936,1,Medium
15702430,0.5213446,1,Medium
15621466,0.5211572,1,Medium
15782364,0.52096385,1,Medium
15585451,0.5209352,1,Medium
15603794,0.5204492,1,Medium
15759038,0.5202477,1,Medium
15761149,0.5202111,1,Medium
15647301,0.52018994,1,Medium
15567725,0.5200001,1,Medium
15646563,0.51995194,1,Medium
15603082,0.51995194,1,Medium
15588560,0.5198471,1,Medium
15778526,0.5195984,1,Medium
15790809,0.5194435,1,Medium
15677512,0.51937747,1,Medium
15717231,0.5189035,1,Medium
15631838,0.51876134,1,Medium
15673578,0.51870286,1,Medium
15596972,0.5185695,1,Medium
15676513,0.51846683,1,Medium
15762238,0.5181552,1,Medium
15658486,0.5175875,1,Medium
15572706,0.5173511,1,Medium
15683168,0.5172208,1,Medium
15659677,0.51710606,1,Medium
15757829,0.51692724,1,Medium
15677955,0.51676303,1,Medium
15594041,0.5166451,1,Medium
15758252,0.51659364,1,Medium
15655229,0.516228,1,Medium
15757310,0.5161878,1,Medium
15686718,0.51612085,1,Medium
15595440,0.51600176,1,Medium
15702806,0.5159028,1,Medium
15692819,0.51554155,1,Medium
15640407,0.51525086,1,Medium
15744983,0.51491314,1,Medium
15581700,0.5147089,1,Medium
15715532,0.51459974,1,Medium
15703413,0.51449317,1,Medium
15772573,0.51434433,1,Medium
15766765,0.5140347,1,Medium
15744979,0.5139206,1,Medium
15777784,0.5139177,1,Medium
15690164,0.51370424,1,Medium
15811026,0.51367146,1,Medium
15617166,0.51364803,1,Medium
15734942,0.5136122,1,Medium
15697789,0.51332474,1,Medium
15583668,0.5132852,1,Medium
15611371,0.513041,1,Medium
15809265,0.51299566,1,Medium
15697310,0.5129093,1,Medium
15811290,0.5129009,1,Medium
15571081,0.51280653,1,Medium
15611759,0.5127573,1,Medium
15772421,0.51237327,1,Medium
15808851,0.5122917,1,Medium
15692577,0.51217556,1,Medium
15725664,0.5120841,1,Medium
15804516,0.5118054,1,Medium
15572777,0.5110175,1,Medium
15737792,0.51094043,1,Medium
15756848,0.5107044,1,Medium
15690231,0.5106131,1,Medium
15565701,0.51008236,1,Medium
15662578,0.5098487,1,Medium
15734461,0.5094047,1,Medium
15808283,0.5093122,1,Medium
15565779,0.5092565,1,Medium
15619087,0.50914735,1,Medium
15669064,0.5084077,1,Medium
15812982,0.5082402,1,Medium
15567437,0.508233,1,Medium
15620507,0.50815123,1,Medium
15661412,0.50803715,1,Medium
15665087,0.5078314,1,Medium
15593636,0.50776196,1,Medium
15792107,0.5076366,1,Medium
15751524,0.50756955,1,Medium
15635776,0.50732535,1,Medium
15742285,0.50720793,1,Medium
15615457,0.5070954,1,Medium
15589660,0.50706565,1,Medium
15657105,0.50667715,1,Medium
15658240,0.5066142,1,Medium
15626383,0.5065887,1,Medium
15769169,0.50650877,1,Medium
15608114,0.50644463,1,Medium
15742971,0.506094,1,Medium
15726589,0.5054732,1,Medium
15689952,0.5054409,1,Medium
15710053,0.50504214,1,Medium
15741403,0.5046782,1,Medium
15695499,0.5043917,1,Medium
15653306,0.5043714,1,Medium
15613085,0.50426286,1,Medium
15730460,0.50425035,1,Medium
15741078,0.50422835,1,Medium
15572022,0.5041321,1,Medium
15597909,0.50405115,1,Medium
15583597,0.50391805,1,Medium
15718369,0.5038212,1,Medium
15724145,0.5036124,1,Medium
15663234,0.5034625,1,Medium
15643042,0.50302577,1,Medium
15746664,0.5029639,1,Medium
15752375,0.5028003,1,Medium
15802381,0.502785,1,Medium
15603134,0.50265414,1,Medium
15742229,0.5026195,1,Medium
15625047,0.5024083,1,Medium
15627801,0.5017999,1,Medium
15631639,0.5016807,1,Medium
15673837,0.501602,1,Medium
15756538,0.50148636,1,Medium
15770406,0.50143236,1,Medium
15613656,0.50119543,1,Medium
15679968,0.501093,1,Medium
15750181,0.5010168,1,Medium
15784491,0.5010108,1,Medium
15571756,0.5010108,1,Medium
15586174,0.50098187,1,Medium
15743067,0.5006373,1,Medium
15779659,0.500287,1,Medium
15575445,0.49997687,0,Medium
15593943,0.4998789,0,Medium
15576990,0.49984926,0,Medium
15570943,0.499824,0,Medium
15791851,0.49977782,0,Medium
15748552,0.49954748,0,Medium
15776518,0.499243,0,Medium
15662151,0.49919912,0,Medium
15612108,0.49917477,0,Medium
15757632,0.49911714,0,Medium
15806360,0.49885583,0,Medium
15687385,0.49879804,0,Medium
15722037,0.49845317,0,Medium
15703167,0.49837416,0,Medium
15770121,0.4982135,0,Medium
15677371,0.49819952,0,Medium
15607990,0.4981264,0,Medium
15731511,0.49783704,0,Medium
15651075,0.49779427,0,Medium
15783865,0.49763304,0,Medium
15705343,0.497579,0,Medium
15735632,0.4974692,0,Medium
15649414,0.49715784,0,Medium
15657449,0.49708408,0,Medium
15614687,0.4970611,0,Medium
15739850,0.4969266,0,Medium
15711571,0.4966998,0,Medium
15567383,0.49663147,0,Medium
15647453,0.49656925,0,Medium
15690330,0.49651694,0,Medium
15621815,0.49615732,0,Medium
15619494,0.49586236,0,Medium
15735784,0.49562946,0,Medium
15807305,0.4953361,0,Medium
15791326,0.4952009,0,Medium
15668853,0.49487126,0,Medium
15790267,0.49478194,0,Medium
15624633,0.49468863,0,Medium
15772381,0.4946175,0,Medium
15586135,0.49437013,0,Medium
15777772,0.494018,0,Medium
15634501,0.49387506,0,Medium
15741416,0.49379796,0,Medium
15625942,0.49359676,0,Medium
15702788,0.4935669,0,Medium
15567923,0.4935506,0,Medium
15794137,0.49322936,0,Medium
15611794,0.49303386,0,Medium
15715951,0.4929412,0,Medium
15575214,0.49291077,0,Medium
15677610,0.49285325,0,Medium
15762134,0.492821,0,Medium
15663826,0.49275073,0,Medium
15583764,0.49213532,0,Medium
15704844,0.49195325,0,Medium
15653253,0.49134848,0,Medium
15609510,0.491219,0,Medium
15715414,0.4911234,0,Medium
15778604,0.4910543,0,Medium
15806837,0.4907846,0,Medium
15764444,0.49061525,0,Medium
15803032,0.49033168,0,Medium
15781298,0.49017638,0,Medium
15712199,0.49009356,0,Medium
15687913,0.48994654,0,Medium
15790448,0.48978874,0,Medium
15583049,0.48967072,0,Medium
15715079,0.48943326,0,Medium
15652400,0.48928413,0,Medium
15773039,0.48914102,0,Medium
15736578,0.4890037,0,Medium
15756148,0.48878676,0,Medium
15773512,0.4881975,0,Medium
15776733,0.4879324,0,Medium
15598044,0.4878492,0,Medium
15623053,0.4873036,0,Medium
15598162,0.4868663,0,Medium
15570485,0.4867896,0,Medium
15583680,0.48672262,0,Medium
15797905,0.4866076,0,Medium
15740602,0.48624814,0,Medium
15787051,0.48614383,0,Medium
15776850,0.4861105,0,Medium
15658890,0.4860253,0,Medium
15593715,0.48593932,0,Medium
15620746,0.48575702,0,Medium
15600720,0.4853457,0,Medium
15710206,0.48528486,0,Medium
15627830,0.48513404,0,Medium
15771977,0.48498818,0,Medium
15624793,0.4849781,0,Medium
15732628,0.484967,0,Medium
15730272,0.48488027,0,Medium
15750121,0.48486397,0,Medium
15712568,0.48466125,0,Medium
15714832,0.48464954,0,Medium
15798888,0.48462284,0,Medium
15701333,0.48456404,0,Medium
15659002,0.48451456,0,Medium
15808960,0.48438776,0,Medium
15751628,0.48434907,0,Medium
15802207,0.48422715,0,Medium
15711889,0.48392272,0,Medium
15640825,0.48383626,0,Medium
15610454,0.48371196,0,Medium
15565714,0.48333994,0,Medium
15714586,0.48312464,0,Medium
15606472,0.48311612,0,Medium
15796838,0.4828627,0,Medium
15655961,0.48276412,0,Medium
15592877,0.48273984,0,Medium
15810995,0.48271245,0,Medium
15735330,0.482699,0,Medium
15807593,0.4825934,0,Medium
15668235,0.48254076,0,Medium
15624013,0.48219848,0,Medium
15812071,0.48215634,0,Medium
15642063,0.48213378,0,Medium
15649211,0.48192742,0,Medium
15748532,0.48173365,0,Medium
15679148,0.48159435,0,Medium
15722409,0.4815941,0,Medium
15636767,0.48156565,0,Medium
15781234,0.48143312,0,Medium
15611223,0.48135516,0,Medium
15615219,0.48109153,0,Medium
15774402,0.48094413,0,Medium
15584462,0.48091048,0,Medium
15677087,0.48072925,0,Medium
15685226,0.48072213,0,Medium
15741719,0.48064065,0,Medium
15787459,0.48049188,0,Medium
15615820,0.4804537,0,Medium
15776223,0.48013166,0,Medium
15724443,0.4801013,0,Medium
15761720,0.479836,0,Medium
15760427,0.4798258,0,Medium
15668032,0.47970647,0,Medium
15812766,0.47956553,0,Medium
15692761,0.47923696,0,Medium
15618243,0.47889695,0,Medium
15572361,0.47873744,0,Medium
15763171,0.47855374,0,Medium
15705544,0.47854212,0,Medium
15781586,0.4784998,0,Medium
15692918,0.47848982,0,Medium
15759381,0.47789857,0,Medium
15733138,0.4776978,0,Medium
15646521,0.47733125,0,Medium
15765402,0.4772637,0,Medium
15761606,0.47724885,0,Medium
15586557,0.47722545,0,Medium
15619436,0.4770522,0,Medium
15708003,0.4769564,0,Medium
15788367,0.47676438,0,Medium
15642934,0.47674766,0,Medium
15768124,0.47670326,0,Medium
15689614,0.47640446,0,Medium
15711287,0.4760354,0,Medium
15739271,0.47585618,0,Medium
15600086,0.47570464,0,Medium
15612087,0.47560453,0,Medium
15767722,0.47525805,0,Medium
15743153,0.47524685,0,Medium
15747591,0.47523022,0,Medium
15641170,0.47513548,0,Medium
15662067,0.4750282,0,Medium
15582591,0.47494513,0,Medium
15769645,0.47480813,0,Medium
15633586,0.47469518,0,Medium
15628112,0.47468165,0,Medium
15799211,0.4746496,0,Medium
15568360,0.47442725,0,Medium
15745417,0.47434074,0,Medium
15618155,0.47424117,0,Medium
15648479,0.47421476,0,Medium
15749019,0.47419468,0,Medium
15790829,0.4741861,0,Medium
15792453,0.47414944,0,Medium
15690620,0.474003,0,Medium
15607746,0.47391477,0,Medium
15585855,0.47384223,0,Medium
15701074,0.47382167,0,Medium
15754526,0.4737285,0,Medium
15764892,0.47368646,0,Medium
15750049,0.47367612,0,Medium
15625023,0.47359043,0,Medium
15694450,0.47354504,0,Medium
15647807,0.47328183,0,Medium
15748854,0.47319758,0,Medium
15711635,0.4730456,0,Medium
15694404,0.4729774,0,Medium
15761132,0.47296384,0,Medium
15791006,0.47293848,0,Medium
15782456,0.47264704,0,Medium
15779809,0.47264376,0,Medium
15658233,0.47251415,0,Medium
15718852,0.4724886,0,Medium
15570414,0.4721259,0,Medium
15611905,0.47191787,0,Medium
15720338,0.47160587,0,Medium
15636541,0.47146443,0,Medium
15627859,0.47136492,0,Medium
15758939,0.47121748,0,Medium
15626985,0.47116545,0,Medium
15774507,0.47115904,0,Medium
15573876,0.47102767,0,Medium
15761286,0.4708637,0,Medium
15693468,0.4704907,0,Medium
15647975,0.47023645,0,Medium
15605333,0.47019532,0,Medium
15770576,0.47014123,0,Medium
15733297,0.4700463,0,Medium
15683363,0.4699645,0,Medium
15651140,0.4697577,0,Medium
15590966,0.46969062,0,Medium
15671243,0.4695586,0,Medium
15762331,0.46945548,0,Medium
15771966,0.46929443,0,Medium
15661936,0.46910217,0,Medium
15701741,0.46906644,0,Medium
15751208,0.46901983,0,Medium
15752731,0.46891186,0,Medium
15763704,0.46870452,0,Medium
15777586,0.4681576,0,Medium
15665634,0.46803248,0,Medium
15576263,0.46780354,0,Medium
15688210,0.46737245,0,Medium
15768816,0.46709433,0,Medium
15600911,0.4669558,0,Medium
15611551,0.46686235,0,Medium
15679961,0.4665859,0,Medium
15651103,0.46657532,0,Medium
15648876,0.4664332,0,Medium
15715541,0.46640676,0,Medium
15752622,0.46592227,0,Medium
15573319,0.4658491,0,Medium
15725639,0.46583542,0,Medium
15760924,0.4657618,0,Medium
15773338,0.46576157,0,Medium
15746594,0.46557534,0,Medium
15572428,0.46555,0,Medium
15677135,0.4652822,0,Medium
15644896,0.46521613,0,Medium
15672610,0.4652149,0,Medium
15581115,0.465002,0,Medium
15616931,0.4649241,0,Medium
15693326,0.46473655,0,Medium
15636812,0.46452618,0,Medium
15790750,0.46443674,0,Medium
15573730,0.46424025,0,Medium
15569678,0.46383685,0,Medium
15628145,0.463732,0,Medium
15795936,0.46356186,0,Medium
15764618,0.46351954,0,Medium
15577695,0.46350726,0,Medium
15658432,0.4634548,0,Medium
15633729,0.4634077,0,Medium
15787830,0.46339294,0,Medium
15809909,0.46318755,0,Medium
15627395,0.46279615,0,Medium
15680234,0.46275356,0,Medium
15636388,0.4626739,0,Medium
15699753,0.4626573,0,Medium
15765857,0.4626522,0,Medium
15616709,0.46253842,0,Medium
15650068,0.46242827,0,Medium
15700255,0.46241644,0,Medium
15700424,0.46239147,0,Medium
15596414,0.46231014,0,Medium
15798964,0.46195522,0,Medium
15789339,0.4619188,0,Medium
15800524,0.46176663,0,Medium
15742613,0.46173623,0,Medium
15686885,0.46166062,0,Medium
15718843,0.46158537,0,Medium
15685640,0.46151868,0,Medium
15619699,0.46130702,0,Medium
15609987,0.46118063,0,Medium
15784099,0.46103325,0,Medium
15802585,0.46098548,0,Medium
15699637,0.46080923,0,Medium
15671766,0.46078488,0,Medium
15731507,0.46071953,0,Medium
15763107,0.46071395,0,Medium
15787699,0.46056077,0,Medium
15653110,0.46052128,0,Medium
15641850,0.46037403,0,Medium
15607301,0.46037117,0,Medium
15777046,0.46013057,0,Medium
15624428,0.4599317,0,Medium
15598485,0.45971867,0,Medium
15611786,0.45966265,0,Medium
15756196,0.45959193,0,Medium
15640855,0.45954198,0,Medium
15745107,0.45952833,0,Medium
15662152,0.45940652,0,Medium
15647311,0.45926633,0,Medium
15574169,0.45920157,0,Medium
15777892,0.45906246,0,Medium
15734987,0.45896208,0,Medium
15646490,0.45887363,0,Medium
15774336,0.45842594,0,Medium
15700654,0.45832795,0,Medium
15773639,0.45791784,0,Medium
15625740,0.45778546,0,Medium
15614782,0.45765793,0,Medium
15759274,0.4575688,0,Medium
15662758,0.4571643,0,Medium
15584749,0.45676044,0,Medium
15763460,0.4567313,0,Medium
15638646,0.45662895,0,Medium
15759480,0.45649964,0,Medium
15813163,0.45648378,0,Medium
15579040,0.4564431,0,Medium
15707479,0.4561666,0,Medium
15632344,0.4557643,0,Medium
15616929,0.45561707,0,Medium
15655341,0.45555124,0,Medium
15612633,0.4553625,0,Medium
15714080,0.45496717,0,Medium
15781409,0.45465592,0,Medium
15778515,0.4546173,0,Medium
15724453,0.4542694,0,Medium
15589147,0.45419022,0,Medium
15705298,0.45418236,0,Medium
15809722,0.4541456,0,Medium
15604314,0.45411915,0,Medium
15681316,0.4540436,0,Medium
15597739,0.45403627,0,Medium
15780650,0.45370412,0,Medium
15795151,0.4535951,0,Medium
15685245,0.45357984,0,Medium
15599403,0.4530809,0,Medium
15806922,0.45281225,0,Medium
15752312,0.4527844,0,Medium
15805681,0.45275018,0,Medium
15705994,0.4527244,0,Medium
15613216,0.45270616,0,Medium
15770101,0.45249033,0,Medium
15786392,0.4521988,0,Medium
15731412,0.45213866,0,Medium
15628203,0.45194417,0,Medium
15761783,0.4517755,0,Medium
15763148,0.45149484,0,Medium
15617705,0.45143905,0,Medium
15742848,0.451181,0,Medium
15748649,0.45116684,0,Medium
15577170,0.45112088,0,Medium
15792868,0.45109016,0,Medium
15689612,0.45100054,0,Medium
15642937,0.45098612,0,Medium
15579647,0.4508643,0,Medium
15731543,0.45076182,0,Medium
15639530,0.450751,0,Medium
15620341,0.45065552,0,Medium
15711181,0.45048648,0,Medium
15654156,0.4501955,0,Medium
15609928,0.45011443,0,Medium
15640161,0.449896,0,Medium
15650670,0.449844,0,Medium
15579387,0.44972342,0,Medium
15710424,0.44969136,0,Medium
15698664,0.4496051,0,Medium
15664083,0.44954643,0,Medium
15669741,0.44941333,0,Medium
15569430,0.4491924,0,Medium
15746127,0.44915345,0,Medium
15642022,0.44904625,0,Medium
15632575,0.448954,0,Medium
15624397,0.44882017,0,Medium
15737385,0.4487652,0,Medium
15676094,0.44864163,0,Medium
15780386,0.44854933,0,Medium
15663249,0.44839185,0,Medium
15612187,0.4483009,0,Medium
15719827,0.44828838,0,Medium
15744295,0.4482777,0,Medium
15600103,0.4482397,0,Medium
15671104,0.44797722,0,Medium
15765311,0.44754964,0,Medium
15716082,0.44751778,0,Medium
15666975,0.44743863,0,Medium
15665416,0.44740197,0,Medium
15702669,0.4472783,0,Medium
15605672,0.4471388,0,Medium
15798943,0.44713783,0,Medium
15812365,0.44702098,0,Medium
15695301,0.44634306,0,Medium
15581736,0.4463319,0,Medium
15685706,0.4463301,0,Medium
15652981,0.4462877,0,Medium
15620103,0.44626978,0,Medium
15674179,0.44620916,0,Medium
15798885,0.44597426,0,Medium
15722061,0.44596657,0,Medium
15762605,0.4459494,0,Medium
15665834,0.44594267,0,Medium
15636423,0.44519982,0,Medium
15682273,0.4451476,0,Medium
15779627,0.44494158,0,Medium
15719624,0.44481775,0,Medium
15613816,0.44470295,0,Medium
15809279,0.44466108,0,Medium
15766166,0.44457197,0,Medium
15689633,0.44453937,0,Medium
15600734,0.44444934,0,Medium
15661433,0.4443926,0,Medium
15588456,0.4441808,0,Medium
15774133,0.44414258,0,Medium
15727361,0.44412103,0,Medium
15755868,0.44388407,0,Medium
15592379,0.44382808,0,Medium
15705001,0.4438261,0,Medium
15812878,0.44380084,0,Medium
15671334,0.44376194,0,Medium
15621435,0.44349205,0,Medium
15622507,0.443454,0,Medium
15798749,0.44328293,0,Medium
15611612,0.44325846,0,Medium
15678057,0.4430918,0,Medium
15708196,0.44299152,0,Medium
15706116,0.4426916,0,Medium
15742668,0.44229037,0,Medium
15715744,0.44222796,0,Medium
15782993,0.4419358,0,Medium
15653773,0.44179457,0,Medium
15645839,0.44167873,0,Medium
15653547,0.4416732,0,Medium
15656592,0.44157526,0,Medium
15674110,0.44153696,0,Medium
15778481,0.44153255,0,Medium
15809823,0.44145173,0,Medium
15773487,0.44098684,0,Medium
15678460,0.4409868,0,Medium
15743149,0.44088584,0,Medium
15672640,0.440837,0,Medium
15779915,0.44083086,0,Medium
15579526,0.44048885,0,Medium
15626684,0.4400513,0,Medium
15601030,0.43989933,0,Medium
15643294,0.43947095,0,Medium
15645937,0.43934295,0,Medium
15782659,0.4393079,0,Medium
15779497,0.43909878,0,Medium
15598266,0.43905213,0,Medium
15580872,0.43860003,0,Medium
15770420,0.4384787,0,Medium
15660679,0.43847734,0,Medium
15638983,0.43846366,0,Medium
15597394,0.43796638,0,Medium
15778463,0.4379498,0,Medium
15756118,0.4377392,0,Medium
15624677,0.43771487,0,Medium
15810800,0.43757132,0,Medium
15809347,0.43744218,0,Medium
15694366,0.43740284,0,Medium
15775572,0.43734875,0,Medium
15813283,0.4373441,0,Medium
15614365,0.43710774,0,Medium
15576928,0.43665868,0,Medium
15629739,0.43651184,0,Medium
15722599,0.43649632,0,Medium
15599074,0.4360878,0,Medium
15737909,0.43605164,0,Medium
15780056,0.43585074,0,Medium
15738166,0.43582547,0,Medium
15625944,0.43573147,0,Medium
15669805,0.43565136,0,Medium
15631436,0.43560058,0,Medium
15572051,0.43528798,0,Medium
15576352,0.43524364,0,Medium
15772148,0.43521088,0,Medium
15713769,0.43515778,0,Medium
15681550,0.43503404,0,Medium
15645095,0.4347786,0,Medium
15815295,0.43448737,0,Medium
15809263,0.43443167,0,Medium
15722701,0.4341287,0,Medium
15588461,0.43405557,0,Medium
15741643,0.43387577,0,Medium
15640421,0.4336113,0,Medium
15679611,0.4335646,0,Medium
15735203,0.43353337,0,Medium
15747974,0.43337098,0,Medium
15614420,0.4333493,0,Medium
15758035,0.43287757,0,Medium
15777315,0.43273643,0,Medium
15806880,0.4326434,0,Medium
15668472,0.43241456,0,Medium
15641662,0.43241245,0,Medium
15622017,0.43238392,0,Medium
15580252,0.43201125,0,Medium
15632609,0.43134174,0,Medium
15589666,0.43128327,0,Medium
15721835,0.43118492,0,Medium
15801125,0.43099353,0,Medium
15719090,0.43084493,0,Medium
15584776,0.43062112,0,Medium
15600710,0.43058792,0,Medium
15628272,0.43051362,0,Medium
15742820,0.4303019,0,Medium
15665524,0.43005285,0,Medium
15800116,0.430043,0,Medium
15638159,0.42995793,0,Medium
15711687,0.42980945,0,Medium
15799435,0.42976904,0,Medium
15652955,0.42967492,0,Medium
15727350,0.4296521,0,Medium
15773447,0.42938915,0,Medium
15751593,0.4292486,0,Medium
15661734,0.42905918,0,Medium
15792176,0.42899185,0,Medium
15720910,0.42894477,0,Medium
15608845,0.42882597,0,Medium
15777576,0.42874834,0,Medium
15589420,0.4283901,0,Medium
15728885,0.42834765,0,Medium
15730657,0.42834726,0,Medium
15813132,0.4278566,0,Medium
15792916,0.4278103,0,Medium
15768682,0.42778945,0,Medium
15664498,0.42740476,0,Medium
15789371,0.42733255,0,Medium
15769974,0.42726943,0,Medium
15702149,0.42710853,0,Medium
15801441,0.42690825,0,Medium
15723105,0.42685765,0,Medium
15593496,0.42674646,0,Medium
15729970,0.42671347,0,Medium
15769005,0.4266388,0,Medium
15785078,0.4266203,0,Medium
15806967,0.42606986,0,Medium
15698031,0.42598554,0,Medium
15675501,0.42582688,0,Medium
15657771,0.42564932,0,Medium
15655464,0.42537013,0,Medium
15798398,0.42529428,0,Medium
15655590,0.42523852,0,Medium
15665861,0.425077,0,Medium
15663917,0.4249841,0,Medium
15628950,0.42496273,0,Medium
15682541,0.4248603,0,Medium
15742609,0.42483404,0,Medium
15630402,0.42481217,0,Medium
15721251,0.42476407,0,Medium
15705739,0.42474622,0,Medium
15568904,0.4247067,0,Medium
15743818,0.42457154,0,Medium
15775809,0.42427975,0,Medium
15779247,0.42426506,0,Medium
15583026,0.4241773,0,Medium
15667289,0.42411166,0,Medium
15794396,0.42387885,0,Medium
15631267,0.42383182,0,Medium
15757895,0.42373118,0,Medium
15705174,0.4236109,0,Medium
15738497,0.4234794,0,Medium
15640866,0.4233422,0,Medium
15623220,0.42319524,0,Medium
15651585,0.42311788,0,Medium
15648178,0.4229083,0,Medium
15641582,0.42279536,0,Medium
15769783,0.42265764,0,Medium
15638149,0.422494,0,Medium
15762882,0.4224819,0,Medium
15710527,0.42246225,0,Medium
15604304,0.42232403,0,Medium
15714750,0.422018,0,Medium
15679983,0.42166564,0,Medium
15804937,0.42164633,0,Medium
15775888,0.42146346,0,Medium
15649101,0.4213825,0,Medium
15742204,0.42130917,0,Medium
15682533,0.42125112,0,Medium
15566494,0.4212447,0,Medium
15715465,0.42071092,0,Medium
15651737,0.42067096,0,Medium
15625247,0.4205447,0,Medium
15711540,0.4204589,0,Medium
15762745,0.42045662,0,Medium
15634936,0.42014825,0,Medium
15591123,0.42012015,0,Medium
15661198,0.42008308,0,Medium
15733581,0.4200123,0,Medium
15668594,0.41990095,0,Medium
15773869,0.41983932,0,Medium
15662085,0.41976202,0,Medium
15643426,0.41964945,0,Medium
15730488,0.41959065,0,Medium
15586931,0.41935626,0,Medium
15791172,0.4192605,0,Medium
15598948,0.41907403,0,Medium
15619889,0.418725,0,Medium
15611365,0.41838735,0,Medium
15646037,0.4183696,0,Medium
15601977,0.4179553,0,Medium
15767064,0.41771808,0,Medium
15753161,0.41768056,0,Medium
15769504,0.41721773,0,Medium
15661591,0.41694424,0,Medium
15737748,0.41687033,0,Medium
15736287,0.41673467,0,Medium
15592999,0.4167331,0,Medium
15770255,0.4166847,0,Medium
15656141,0.41659158,0,Medium
15650258,0.4160296,0,Medium
15719950,0.41588753,0,Medium
15756743,0.41587493,0,Medium
15591711,0.4157327,0,Medium
15773520,0.41564462,0,Medium
15673747,0.4156271,0,Medium
15630913,0.4154421,0,Medium
15785899,0.41529998,0,Medium
15566633,0.41529912,0,Medium
15643056,0.41529474,0,Medium
15719649,0.41468924,0,Medium
15570895,0.41461694,0,Medium
15591433,0.41420406,0,Medium
15730810,0.4138195,0,Medium
15652782,0.4137776,0,Medium
15637678,0.41377342,0,Medium
15592578,0.41353375,0,Medium
15795747,0.41348222,0,Medium
15757385,0.4134734,0,Medium
15568429,0.4134453,0,Medium
15576044,0.41343722,0,Medium
15650432,0.41317046,0,Medium
15759021,0.41306755,0,Medium
15680597,0.41304836,0,Medium
15596863,0.41300544,0,Medium
15815628,0.41279504,0,Medium
15696733,0.41275182,0,Medium
15579583,0.41274726,0,Medium
15715297,0.41266304,0,Medium
15773789,0.4125207,0,Medium
15732307,0.4120744,0,Medium
15709846,0.4119089,0,Medium
15660768,0.41188094,0,Medium
15742854,0.41182026,0,Medium
15789941,0.41180694,0,Medium
15683677,0.41172355,0,Medium
15640106,0.41153002,0,Medium
15737888,0.4110119,0,Medium
15688251,0.41097227,0,Medium
15771540,0.41094637,0,Medium
15657386,0.41094565,0,Medium
15704340,0.4109293,0,Medium
15750248,0.41081697,0,Medium
15776807,0.4105976,0,Medium
15785290,0.41042396,0,Medium
15815552,0.4104015,0,Medium
15572291,0.4100327,0,Medium
15766734,0.40996963,0,Medium
15570857,0.4099535,0,Medium
15810807,0.40988085,0,Medium
15601351,0.40986225,0,Medium
15731026,0.4098307,0,Medium
15608109,0.40958336,0,Medium
15615029,0.4095245,0,Medium
15635177,0.40930852,0,Medium
15721715,0.4090131,0,Medium
15716619,0.40878704,0,Medium
15669262,0.40850192,0,Medium
15647099,0.40848878,0,Medium
15780835,0.4081574,0,Medium
15713949,0.40805236,0,Medium
15727499,0.40790513,0,Medium
15765461,0.4078417,0,Medium
15683375,0.4076899,0,Medium
15605264,0.40756133,0,Medium
15762216,0.40751833,0,Medium
15623450,0.4074549,0,Medium
15711489,0.40732998,0,Medium
15694237,0.4070086,0,Medium
15782802,0.4065998,0,Medium
15705765,0.40648672,0,Medium
15642655,0.40637293,0,Medium
15768340,0.40623993,0,Medium
15675626,0.4062116,0,Medium
15813504,0.40559107,0,Medium
15737732,0.4055895,0,Medium
15566735,0.40555435,0,Medium
15782641,0.40543714,0,Medium
15632275,0.40505594,0,Medium
15710257,0.40502402,0,Medium
15677395,0.4049347,0,Medium
15638621,0.40491897,0,Medium
15576126,0.40472817,0,Medium
15696054,0.4042571,0,Medium
15712903,0.40413657,0,Medium
15720706,0.4039217,0,Medium
15586680,0.40390024,0,Medium
15672574,0.40388697,0,Medium
15671345,0.40386432,0,Medium
15744843,0.40384924,0,Medium
15786905,0.40374374,0,Medium
15631339,0.40363127,0,Medium
15652048,0.4034207,0,Medium
15762615,0.4033129,0,Medium
15810878,0.40328842,0,Medium
15720649,0.4031566,0,Medium
15713374,0.4029948,0,Medium
15809143,0.40273508,0,Medium
15723373,0.40268862,0,Medium
15761102,0.40257105,0,Medium
15632185,0.4024962,0,Medium
15633537,0.4022634,0,Medium
15798341,0.40185806,0,Medium
15787825,0.4018056,0,Medium
15628155,0.40177897,0,Medium
15654851,0.40145317,0,Medium
15711218,0.40122533,0,Medium
15677249,0.40113702,0,Medium
15791769,0.40110233,0,Medium
15698335,0.40104803,0,Medium
15589210,0.4005413,0,Medium
15787772,0.40043417,0,Medium
15813645,0.40027714,0,Medium
15703682,0.40011767,0,Medium
15652914,0.4000854,0,Medium
15685653,0.39977667,0,Medium
15744789,0.39972705,0,Medium
15758362,0.39965072,0,Medium
15812356,0.39960954,0,Medium
15571917,0.39958194,0,Medium
15674727,0.39954257,0,Medium
15721462,0.39944497,0,Medium
15769548,0.39937475,0,Medium
15623143,0.3993152,0,Medium
15803633,0.398987,0,Medium
15674880,0.39895067,0,Medium
15614520,0.39884657,0,Medium
15722364,0.3988409,0,Medium
15632848,0.39879757,0,Medium
15642996,0.3985556,0,Medium
15731330,0.39834368,0,Medium
15739476,0.39830336,0,Medium
15690589,0.39829552,0,Medium
15721019,0.39812952,0,Medium
15634143,0.39786598,0,Medium
15696859,0.39786056,0,Medium
15621834,0.39785466,0,Medium
15760861,0.39779404,0,Medium
15751131,0.39776188,0,Medium
15611315,0.39774233,0,Medium
15628893,0.3976029,0,Medium
15672945,0.39745286,0,Medium
15695792,0.39737272,0,Medium
15799042,0.3972887,0,Medium
15675320,0.39717937,0,Medium
15584229,0.39699998,0,Medium
15747649,0.39694324,0,Medium
15812351,0.39691117,0,Medium
15630195,0.39687788,0,Medium
15585282,0.39678854,0,Medium
15806709,0.3967457,0,Medium
15628963,0.3964734,0,Medium
15614187,0.3964664,0,Medium
15585490,0.3962674,0,Medium
15720203,0.39624053,0,Medium
15753566,0.39622164,0,Medium
15590097,0.39616755,0,Medium
15738672,0.3961461,0,Medium
15675983,0.395945,0,Medium
15713853,0.39593956,0,Medium
15794101,0.39586756,0,Medium
15585379,0.39574495,0,Medium
15604782,0.39528647,0,Medium
15659843,0.39497712,0,Medium
15725997,0.3947618,0,Medium
15811314,0.39474267,0,Medium
15714355,0.39472592,0,Medium
15711572,0.39430645,0,Medium
15595447,0.39402533,0,Medium
15724764,0.39396635,0,Medium
15577970,0.39356956,0,Medium
15602844,0.39343634,0,Medium
15728474,0.39331046,0,Medium
15780411,0.393206,0,Medium
15782089,0.39309764,0,Medium
15750014,0.39303294,0,Medium
15777352,0.3930189,0,Medium
15670103,0.3929495,0,Medium
15674156,0.39294684,0,Medium
15624729,0.3928096,0,Medium
15807568,0.39266896,0,Medium
15801296,0.3926285,0,Medium
15759244,0.39248505,0,Medium
15703763,0.39238432,0,Medium
15791040,0.392161,0,Medium
15652289,0.39211884,0,Medium
15623489,0.392097,0,Medium
15690744,0.39199656,0,Medium
15763093,0.39172843,0,Medium
15589725,0.3913086,0,Medium
15775949,0.39126176,0,Medium
15681928,0.39090773,0,Medium
15788634,0.39080033,0,Medium
15603665,0.39071986,0,Medium
15737521,0.39054218,0,Medium
15573284,0.3904616,0,Medium
15587266,0.39038247,0,Medium
15736299,0.39035198,0,Medium
15742681,0.39032534,0,Medium
15766047,0.39006388,0,Medium
15578238,0.38994426,0,Medium
15633866,0.38987094,0,Medium
15799494,0.38972357,0,Medium
15667093,0.38968134,0,Medium
15641595,0.38962048,0,Medium
15602845,0.38936695,0,Medium
15812184,0.38909528,0,Medium
15755722,0.3889759,0,Medium
15724181,0.3889389,0,Medium
15579208,0.38879964,0,Medium
15799384,0.38876802,0,Medium
15568562,0.38854915,0,Medium
15620344,0.3882913,0,Medium
15704231,0.38827252,0,Medium
15730273,0.38825622,0,Medium
15777923,0.38817185,0,Medium
15769829,0.3881682,0,Medium
15750808,0.3880279,0,Medium
15795586,0.38788337,0,Medium
15614034,0.3878103,0,Medium
15769110,0.38760382,0,Medium
15617648,0.3875844,0,Medium
15775235,0.38758317,0,Medium
15707078,0.38753495,0,Medium
15713578,0.3874867,0,Medium
15582492,0.38744795,0,Medium
15783691,0.38737333,0,Medium
15656330,0.38726088,0,Medium
15574879,0.38713127,0,Medium
15793671,0.38699746,0,Medium
15602084,0.38694277,0,Medium
15590094,0.38694197,0,Medium
15619857,0.38682052,0,Medium
15623566,0.3865804,0,Medium
15763111,0.38656205,0,Medium
15762708,0.38648346,0,Medium
15730447,0.38642663,0,Medium
15677538,0.3864042,0,Medium
15685096,0.38635105,0,Medium
15727605,0.38621265,0,Medium
15595162,0.38595477,0,Medium
15795540,0.38572052,0,Medium
15617434,0.38562128,0,Medium
15580203,0.38551357,0,Medium
15789557,0.38525453,0,Medium
15587978,0.38515308,0,Medium
15625035,0.38514614,0,Medium
15807245,0.38513336,0,Medium
15698522,0.38504684,0,Medium
15697020,0.3850431,0,Medium
15634141,0.38503513,0,Medium
15623972,0.38486803,0,Medium
15687431,0.38481548,0,Medium
15604196,0.3846067,0,Medium
15604073,0.3845548,0,Medium
15712319,0.38449878,0,Medium
15610403,0.38448283,0,Medium
15773591,0.38422117,0,Medium
15702919,0.3841148,0,Medium
15624186,0.38405496,0,Medium
15652527,0.38401783,0,Medium
15628824,0.38399047,0,Medium
15655252,0.3839451,0,Medium
15754999,0.3837951,0,Medium
15742607,0.38376334,0,Medium
15698324,0.38369557,0,Medium
15695492,0.3836162,0,Medium
15811927,0.3833972,0,Medium
15809309,0.38327,0,Medium
15765520,0.38315833,0,Medium
15779103,0.3830898,0,Medium
15748947,0.3829516,0,Medium
15711742,0.38288397,0,Medium
15753719,0.3826882,0,Medium
15674637,0.38266346,0,Medium
15791268,0.38228542,0,Medium
15785865,0.38218313,0,Medium
15712596,0.3818515,0,Medium
15631359,0.38155308,0,Medium
15797964,0.3811519,0,Medium
15623357,0.38103253,0,Medium
15637857,0.3808419,0,Medium
15758831,0.3807978,0,Medium
15614893,0.38072935,0,Medium
15702030,0.38061982,0,Medium
15662976,0.38054556,0,Medium
15756954,0.38043684,0,Medium
15710421,0.38037702,0,Medium
15778219,0.38026226,0,Medium
15731669,0.380221,0,Medium
15679813,0.38020593,0,Medium
15691950,0.3798576,0,Medium
15570271,0.37982097,0,Medium
15765283,0.37972423,0,Medium
15625713,0.37961018,0,Medium
15775892,0.3790475,0,Medium
15730150,0.378897,0,Medium
15571816,0.37874973,0,Medium
15747174,0.37874946,0,Medium
15651868,0.37874323,0,Medium
15614302,0.3787409,0,Medium
15599869,0.3787081,0,Medium
15666332,0.378595,0,Medium
15762091,0.37858632,0,Medium
15726631,0.37855402,0,Medium
15759741,0.37846127,0,Medium
15726354,0.3783947,0,Medium
15733014,0.37835932,0,Medium
15771509,0.37827528,0,Medium
15736816,0.37825656,0,Medium
15770968,0.37822205,0,Medium
15584114,0.37819892,0,Medium
15633877,0.3781799,0,Medium
15650086,0.37811017,0,Medium
15724889,0.3779159,0,Medium
15602373,0.37779757,0,Medium
15600651,0.3776711,0,Medium
15759140,0.37752268,0,Medium
15736228,0.37736174,0,Medium
15764661,0.37718067,0,Medium
15578825,0.37710124,0,Medium
15645103,0.3770414,0,Medium
15728709,0.37691993,0,Medium
15667751,0.3767409,0,Medium
15725882,0.37668955,0,Medium
15698749,0.37663195,0,Medium
15674932,0.37659276,0,Medium
15639549,0.37658906,0,Medium
15613673,0.37646028,0,Medium
15595713,0.37627468,0,Medium
15785975,0.37626675,0,Medium
15621818,0.37610537,0,Medium
15657163,0.37582445,0,Medium
15573045,0.37571174,0,Medium
15620123,0.3756187,0,Medium
15604146,0.37529805,0,Medium
15587421,0.3752691,0,Medium
15597901,0.3752006,0,Medium
15700174,0.3751499,0,Medium
15770543,0.37502295,0,Medium
15788920,0.37469497,0,Medium
15766458,0.37439376,0,Medium
15665695,0.37434578,0,Medium
15684011,0.3741977,0,Medium
15588986,0.37413797,0,Medium
15749177,0.37403345,0,Medium
15575399,0.37402177,0,Medium
15743192,0.37400416,0,Medium
15571843,0.3735608,0,Medium
15593900,0.3735405,0,Medium
15657603,0.3735247,0,Medium
15597239,0.3734402,0,Medium
15806901,0.37340802,0,Medium
15761706,0.37339404,0,Medium
15597487,0.37339276,0,Medium
15731755,0.3732857,0,Medium
15644765,0.37311888,0,Medium
15755018,0.37268013,0,Medium
15694641,0.37259242,0,Medium
15683841,0.37251794,0,Medium
15623647,0.37249422,0,Medium
15690456,0.37246984,0,Medium
15790067,0.37211847,0,Medium
15575623,0.37192294,0,Medium
15732791,0.37181896,0,Medium
15807239,0.37162137,0,Medium
15684696,0.37161705,0,Medium
15643575,0.37146136,0,Medium
15809515,0.37134197,0,Medium
15718071,0.37110832,0,Medium
15728043,0.37082076,0,Medium
15728523,0.3707502,0,Medium
15769191,0.37064263,0,Medium
15615938,0.3705852,0,Medium
15566894,0.3705754,0,Medium
15783752,0.37051275,0,Medium
15572294,0.37046504,0,Medium
15678886,0.37045833,0,Medium
15795527,0.37041646,0,Medium
15593470,0.37033075,0,Medium
15768104,0.37028942,0,Medium
15802088,0.37017196,0,Medium
15583076,0.37014198,0,Medium
15733491,0.36984056,0,Medium
15761600,0.36979744,0,Medium
15665438,0.36959776,0,Medium
15724334,0.3694702,0,Medium
15802809,0.36941162,0,Medium
15723872,0.36922944,0,Medium
15654211,0.36913395,0,Medium
15574795,0.36909777,0,Medium
15688074,0.3689238,0,Medium
15748481,0.36887592,0,Medium
15581229,0.36869514,0,Medium
15779620,0.36856458,0,Medium
15792646,0.3684027,0,Medium
15624391,0.36825722,0,Medium
15666916,0.36824927,0,Medium
15811177,0.36817908,0,Medium
15755863,0.36805683,0,Medium
15569654,0.3679667,0,Medium
15637717,0.36742935,0,Medium
15704819,0.36715797,0,Medium
15614361,0.36705574,0,Medium
15756125,0.3669473,0,Medium
15675650,0.36688727,0,Medium
15569670,0.36681193,0,Medium
15594786,0.36658165,0,Medium
15692463,0.3665623,0,Medium
15622321,0.36651894,0,Medium
15669326,0.36649084,0,Medium
15623521,0.36628038,0,Medium
15576615,0.36615846,0,Medium
15708162,0.36610705,0,Medium
15620735,0.36606312,0,Medium
15811613,0.36600024,0,Medium
15744200,0.365693,0,Medium
15660271,0.36568964,0,Medium
15788946,0.36567274,0,Medium
15699005,0.36555114,0,Medium
15696361,0.36533305,0,Medium
15665790,0.36528793,0,Medium
15651460,0.365184,0,Medium
15774127,0.365164,0,Medium
15657830,0.36509898,0,Medium
15815690,0.36478025,0,Medium
15662189,0.36453012,0,Medium
15790379,0.36445913,0,Medium
15585192,0.3643726,0,Medium
15621267,0.36400148,0,Medium
15583595,0.36373505,0,Medium
15751120,0.36371958,0,Medium
15644446,0.3635716,0,Medium
15659486,0.36349368,0,Medium
15567328,0.36314094,0,Medium
15576945,0.36299405,0,Medium
15732175,0.3628914,0,Medium
15643794,0.36281553,0,Medium
15799790,0.36272457,0,Medium
15802466,0.36270872,0,Medium
15784687,0.36266223,0,Medium
15726747,0.36259195,0,Medium
15806941,0.36256605,0,Medium
15709222,0.36250508,0,Medium
15780088,0.36227188,0,Medium
15716276,0.362213,0,Medium
15706200,0.36207965,0,Medium
15756535,0.36205634,0,Medium
15687270,0.36203742,0,Medium
15723737,0.36197296,0,Medium
15652999,0.36196968,0,Medium
15579074,0.3618319,0,Medium
15763612,0.36165106,0,Medium
15635125,0.3616417,0,Medium
15756301,0.3614066,0,Medium
15638806,0.36136758,0,Medium
15620323,0.36132175,0,Medium
15790782,0.3612741,0,Medium
15651093,0.36087814,0,Medium
15664523,0.36081368,0,Medium
15772941,0.3606203,0,Medium
15688059,0.36061,0,Medium
15601688,0.3605973,0,Medium
15628034,0.36026496,0,Medium
15629187,0.35996535,0,Medium
15620030,0.35995182,0,Medium
15677387,0.3599454,0,Medium
15587562,0.35991803,0,Medium
15721024,0.35976323,0,Medium
15660571,0.35935545,0,Medium
15695356,0.35913846,0,Medium
15666163,0.3591347,0,Medium
15771580,0.35904223,0,Medium
15740356,0.35899022,0,Medium
15736656,0.3589493,0,Medium
15618258,0.3589447,0,Medium
15650351,0.3589199,0,Medium
15807909,0.35875866,0,Medium
15668971,0.35864815,0,Medium
15724876,0.3583947,0,Medium
15695632,0.35827285,0,Medium
15760641,0.35827217,0,Medium
15609254,0.35810792,0,Medium
15679622,0.35799018,0,Medium
15799720,0.35791862,0,Medium
15599301,0.35791382,0,Medium
15717065,0.35785526,0,Medium
15698285,0.35783064,0,Medium
15801817,0.35768154,0,Medium
15566843,0.35746914,0,Medium
15807335,0.35700896,0,Medium
15748696,0.35691,0,Medium
15800784,0.35660076,0,Medium
15716605,0.35655087,0,Medium
15606232,0.35636428,0,Medium
15637979,0.35630205,0,Medium
15600708,0.35616124,0,Medium
15652835,0.35609776,0,Medium
15744109,0.35607395,0,Medium
15677173,0.35599017,0,Medium
15640769,0.35588837,0,Medium
15606267,0.3557623,0,Medium
15619674,0.35568902,0,Medium
15746970,0.35559824,0,Medium
15694628,0.35555434,0,Medium
15610903,0.35550058,0,Medium
15695097,0.35541672,0,Medium
15586243,0.35521856,0,Medium
15800890,0.35521495,0,Medium
15599004,0.35515234,0,Medium
15608956,0.35487875,0,Medium
15752885,0.35472617,0,Medium
15730705,0.3546621,0,Medium
15806327,0.35459024,0,Medium
15812945,0.35456872,0,Medium
15631222,0.3544185,0,Medium
15609319,0.3543446,0,Medium
15597610,0.35416296,0,Medium
15798024,0.35402158,0,Medium
15596074,0.35400242,0,Medium
15690175,0.3539168,0,Medium
15672185,0.3539011,0,Medium
15611848,0.35387278,0,Medium
15632210,0.35366607,0,Medium
15791045,0.35351798,0,Medium
15810716,0.3532628,0,Medium
15761986,0.35319853,0,Medium
15593622,0.35316068,0,Medium
15765537,0.35295597,0,Medium
15599591,0.35288957,0,Medium
15605424,0.3527024,0,Medium
15787155,0.35267174,0,Medium
15592461,0.35254103,0,Medium
15644849,0.3524245,0,Medium
15595036,0.3523684,0,Medium
15689031,0.35225844,0,Medium
15662238,0.35210273,0,Medium
15799128,0.35202283,0,Medium
15667046,0.35200265,0,Medium
15751022,0.35191318,0,Medium
15689268,0.3518253,0,Medium
15786993,0.35177675,0,Medium
15717290,0.3516244,0,Medium
15693926,0.3515579,0,Medium
15697606,0.35114306,0,Medium
15739194,0.35112482,0,Medium
15777504,0.3511227,0,Medium
15800961,0.35107175,0,Medium
15641298,0.3509899,0,Medium
15768201,0.3509399,0,Medium
15734085,0.35086364,0,Medium
15662574,0.35082132,0,Medium
15596011,0.35076767,0,Medium
15633650,0.35072616,0,Medium
15724282,0.3506347,0,Medium
15655658,0.3506215,0,Medium
15687477,0.35057035,0,Medium
15596493,0.35052958,0,Medium
15774155,0.35048497,0,Medium
15797595,0.35042098,0,Medium
15787655,0.35031214,0,Medium
15646262,0.35013777,0,Medium
15730345,0.35006228,0,Medium
15633666,0.35001725,0,Medium
15677062,0.34972385,0,Medium
15576641,0.34946492,0,Medium
15598838,0.3493336,0,Medium
15719309,0.34931803,0,Medium
15671610,0.34929383,0,Medium
15690772,0.3492763,0,Medium
15628303,0.3492119,0,Medium
15813871,0.34910738,0,Medium
15686964,0.34902367,0,Medium
15752097,0.3490191,0,Medium
15742632,0.34848544,0,Medium
15616529,0.34848267,0,Medium
15760662,0.34848052,0,Medium
15633546,0.3483236,0,Medium
15592300,0.3482894,0,Medium
15749093,0.34824586,0,Medium
15616270,0.3482221,0,Medium
15709531,0.3481965,0,Medium
15609475,0.34797615,0,Medium
15658668,0.3478129,0,Medium
15667620,0.3477062,0,Medium
15734970,0.3476814,0,Medium
15703199,0.34767082,0,Medium
15610426,0.34725434,0,Medium
15746451,0.34702963,0,Medium
15699634,0.3468026,0,Medium
15752650,0.34676838,0,Medium
15602034,0.34672704,0,Medium
15697318,0.3467211,0,Medium
15641773,0.34662244,0,Medium
15659501,0.34643972,0,Medium
15672875,0.34641615,0,Medium
15811261,0.3464133,0,Medium
15754649,0.34631455,0,Medium
15578783,0.3461025,0,Medium
15795933,0.34604624,0,Medium
15792989,0.34563226,0,Medium
15771087,0.34547397,0,Medium
15664311,0.34543607,0,Medium
15613141,0.3453806,0,Medium
15780220,0.345374,0,Medium
15608595,0.34533516,0,Medium
15579345,0.34531143,0,Medium
15759966,0.34526232,0,Medium
15748920,0.34515327,0,Medium
15689152,0.34511238,0,Medium
15797760,0.34479997,0,Medium
15759915,0.34472284,0,Medium
15648225,0.3446477,0,Medium
15772216,0.34453103,0,Medium
15591550,0.3444685,0,Medium
15686909,0.3444581,0,Medium
15716155,0.34435806,0,Medium
15681174,0.3443088,0,Medium
15788126,0.34426022,0,Medium
15589296,0.34424666,0,Medium
15763544,0.3441664,0,Medium
15743016,0.34413463,0,Medium
15669281,0.34412122,0,Medium
15695679,0.34409472,0,Medium
15661745,0.3440294,0,Medium
15787597,0.3435188,0,Medium
15739292,0.3434248,0,Medium
15696744,0.34319052,0,Medium
15667934,0.34303012,0,Medium
15690678,0.34265393,0,Medium
15604536,0.34257275,0,Medium
15593973,0.34248927,0,Medium
15618401,0.34242678,0,Medium
15707199,0.34233522,0,Medium
15715888,0.3423247,0,Medium
15700710,0.34216136,0,Medium
15611191,0.34158996,0,Medium
15682563,0.34147367,0,Medium
15673539,0.3412429,0,Medium
15776231,0.34110102,0,Medium
15607629,0.34107202,0,Medium
15719606,0.34097332,0,Medium
15735687,0.3408521,0,Medium
15807524,0.34076038,0,Medium
15586069,0.34075785,0,Medium
15745080,0.34031764,0,Medium
15619130,0.34022114,0,Medium
15567897,0.34001848,0,Medium
15583850,0.33982486,0,Medium
15748936,0.33981887,0,Medium
15664506,0.33975604,0,Medium
15679651,0.33972237,0,Medium
15649508,0.33966997,0,Medium
15654096,0.3396488,0,Medium
15794841,0.3395673,0,Medium
15682773,0.33951622,0,Medium
15706904,0.33947474,0,Medium
15720924,0.3392821,0,Medium
15705515,0.3392314,0,Medium
15657566,0.33919767,0,Medium
15636912,0.33913973,0,Medium
15663312,0.33911178,0,Medium
15615477,0.33908638,0,Medium
15675360,0.33908185,0,Medium
15742358,0.33891466,0,Medium
15750497,0.33890024,0,Medium
15781903,0.33881596,0,Medium
15739131,0.33874533,0,Medium
15641575,0.33858728,0,Medium
15569209,0.3385774,0,Medium
15568849,0.3385746,0,Medium
15598884,0.3385447,0,Medium
15649160,0.33808172,0,Medium
15807961,0.33799046,0,Medium
15685920,0.33788985,0,Medium
15646594,0.3377172,0,Medium
15777743,0.3376293,0,Medium
15748718,0.3376249,0,Medium
15690372,0.3374949,0,Medium
15779267,0.3374485,0,Medium
15677117,0.3373707,0,Medium
15672637,0.3373515,0,Medium
15590434,0.33729154,0,Medium
15763063,0.33723214,0,Medium
15582246,0.3368939,0,Medium
15586880,0.33686608,0,Medium
15604044,0.33671474,0,Medium
15733597,0.336643,0,Medium
15641009,0.33658943,0,Medium
15567839,0.33643734,0,Medium
15710687,0.33638933,0,Medium
15588622,0.3363487,0,Medium
15715597,0.33629575,0,Medium
15586522,0.33604333,0,Medium
15815125,0.3359834,0,Medium
15621195,0.33587745,0,Medium
15579820,0.33586138,0,Medium
15793046,0.3358429,0,Medium
15605036,0.33583745,0,Medium
15647091,0.33566707,0,Medium
15604515,0.33564377,0,Medium
15699461,0.33558303,0,Medium
15631333,0.33556268,0,Medium
15684147,0.33550486,0,Medium
15625151,0.3352834,0,Medium
15661827,0.3347968,0,Medium
15793854,0.3347346,0,Medium
15572408,0.33468506,0,Medium
15680767,0.33463624,0,Medium
15718247,0.33462906,0,Medium
15724924,0.33462697,0,Medium
15662494,0.33446866,0,Medium
15688193,0.33435562,0,Medium
15779973,0.33433947,0,Medium
15721377,0.3343352,0,Medium
15815043,0.33429345,0,Medium
15650034,0.3342272,0,Medium
15790658,0.3342135,0,Medium
15792660,0.33419502,0,Medium
15710726,0.33415034,0,Medium
15569264,0.3339424,0,Medium
15806945,0.33393538,0,Medium
15578186,0.3338668,0,Medium
15629448,0.33384976,0,Medium
15760568,0.3338322,0,Medium
15568046,0.33375347,0,Medium
15597033,0.33359075,0,Medium
15629885,0.33342195,0,Medium
15640268,0.33331034,0,Medium
15771873,0.33328947,0,Medium
15717962,0.33324888,0,Medium
15780359,0.3332449,0,Medium
15661330,0.33310118,0,Medium
15722532,0.3330112,0,Medium
15622370,0.33286953,0,Medium
15775490,0.33270803,0,Medium
15614213,0.33255854,0,Medium
15571261,0.33234057,0,Medium
15699797,0.33232623,0,Medium
15668894,0.3322405,0,Medium
15622911,0.3321336,0,Medium
15775750,0.33186412,0,Medium
15656322,0.33169958,0,Medium
15799350,0.33165455,0,Medium
15639590,0.33155838,0,Medium
15644551,0.3314023,0,Medium
15609676,0.3310958,0,Medium
15571476,0.33091205,0,Medium
15807768,0.33089393,0,Medium
15688619,0.33087093,0,Medium
15759991,0.3308326,0,Medium
15580462,0.33080274,0,Medium
15639415,0.33073166,0,Medium
15734044,0.330613,0,Medium
15723827,0.33026236,0,Medium
15697129,0.33021536,0,Medium
15734999,0.32998544,0,Medium
15809999,0.32963055,0,Medium
15602312,0.32956493,0,Medium
15616088,0.3295374,0,Medium
15782530,0.3293866,0,Medium
15614834,0.32932803,0,Medium
15805112,0.3292048,0,Medium
15664539,0.32903987,0,Medium
15788536,0.32871997,0,Medium
15595917,0.32861036,0,Medium
15789753,0.3284587,0,Medium
15629750,0.32840797,0,Medium
15567431,0.32838026,0,Medium
15659175,0.32819486,0,Medium
15755084,0.32806897,0,Medium
15758702,0.32800135,0,Medium
15685357,0.32793674,0,Medium
15579207,0.32790375,0,Medium
15781307,0.32760927,0,Medium
15767781,0.3275877,0,Medium
15757981,0.32756025,0,Medium
15614923,0.3275465,0,Medium
15655298,0.3275388,0,Medium
15664752,0.32744423,0,Medium
15658935,0.32724494,0,Medium
15792720,0.32714885,0,Medium
15679075,0.32710874,0,Medium
15583278,0.32709652,0,Medium
15599433,0.32707697,0,Medium
15741865,0.32705203,0,Medium
15686870,0.32681632,0,Medium
15677217,0.32675204,0,Medium
15607748,0.32665443,0,Medium
15680666,0.32658944,0,Medium
15659364,0.32656127,0,Medium
15568915,0.3264638,0,Medium
15599552,0.3263343,0,Medium
15692430,0.3258673,0,Medium
15761158,0.3257815,0,Medium
15603481,0.32567307,0,Medium
15572114,0.3254962,0,Medium
15624595,0.32548484,0,Medium
15630167,0.32537994,0,Medium
15658532,0.32532147,0,Medium
15598070,0.3252914,0,Medium
15729362,0.3251655,0,Medium
15667871,0.32468858,0,Medium
15570141,0.3245675,0,Medium
15794874,0.3245554,0,Medium
15674254,0.32452556,0,Medium
15753550,0.3244759,0,Medium
15586310,0.32427037,0,Medium
15651802,0.32425246,0,Medium
15644119,0.32404387,0,Medium
15799652,0.3239942,0,Medium
15640464,0.32397348,0,Medium
15745375,0.32384664,0,Medium
15568326,0.32372725,0,Medium
15589739,0.32368177,0,Medium
15793317,0.32354873,0,Medium
15625916,0.32347447,0,Medium
15792222,0.32335904,0,Medium
15799479,0.32335797,0,Medium
15660535,0.32328913,0,Medium
15737782,0.32315177,0,Medium
15700476,0.32311675,0,Medium
15598161,0.3231164,0,Medium
15600583,0.32304987,0,Medium
15723604,0.32293767,0,Medium
15661007,0.32273674,0,Medium
15741652,0.3225819,0,Medium
15692926,0.32251322,0,Medium
15788022,0.32245144,0,Medium
15644856,0.3222801,0,Medium
15692207,0.3222362,0,Medium
15588923,0.3221579,0,Medium
15652883,0.3221261,0,Medium
15686776,0.3220731,0,Medium
15573309,0.3220198,0,Medium
15718454,0.32200536,0,Medium
15734634,0.32195473,0,Medium
15741875,0.32192618,0,Medium
15723706,0.32182163,0,Medium
15581252,0.32162374,0,Medium
15811415,0.32160038,0,Medium
15641007,0.32154712,0,Medium
15571302,0.32154295,0,Medium
15646276,0.32146206,0,Medium
15596575,0.32141078,0,Medium
15574352,0.3213791,0,Medium
15569410,0.32134926,0,Medium
15740557,0.3212925,0,Medium
15754105,0.32117417,0,Medium
15609669,0.32115868,0,Medium
15582944,0.32070857,0,Medium
15580684,0.32053453,0,Medium
15682528,0.32033744,0,Medium
15787014,0.32014114,0,Medium
15752502,0.32012364,0,Medium
15666675,0.32004738,0,Medium
15625623,0.31989294,0,Medium
15808971,0.31987017,0,Medium
15689044,0.31950605,0,Medium
15631392,0.31940135,0,Medium
15751771,0.31922388,0,Medium
15766374,0.3191671,0,Medium
15613140,0.31904003,0,Medium
15700209,0.3189332,0,Medium
15701081,0.31882194,0,Medium
15742809,0.3187707,0,Medium
15690939,0.3187483,0,Medium
15669290,0.31862915,0,Medium
15604355,0.3186056,0,Medium
15800773,0.3185826,0,Medium
15681180,0.31856146,0,Medium
15656613,0.31850746,0,Medium
15795640,0.31849965,0,Medium
15746564,0.3184758,0,Medium
15785547,0.31843972,0,Medium
15703068,0.31834632,0,Medium
15722004,0.31831473,0,Medium
15661548,0.31818366,0,Medium
15649457,0.31805658,0,Medium
15814236,0.3178645,0,Medium
15632977,0.31785107,0,Medium
15784594,0.31784928,0,Medium
15785831,0.3178283,0,Medium
15632538,0.31779763,0,Medium
15658548,0.31777105,0,Medium
15567993,0.317691,0,Medium
15575410,0.3176194,0,Medium
15764841,0.3170919,0,Medium
15589361,0.31689534,0,Medium
15767757,0.31689307,0,Medium
15601324,0.31681094,0,Medium
15798385,0.316699,0,Medium
15736534,0.31667343,0,Medium
15716449,0.3165872,0,Medium
15801395,0.3164839,0,Medium
15600357,0.31637248,0,Medium
15812197,0.31632984,0,Medium
15764314,0.31610408,0,Medium
15763898,0.31609923,0,Medium
15617657,0.3159516,0,Medium
15783444,0.31590804,0,Medium
15656454,0.31589565,0,Medium
15607577,0.31565312,0,Medium
15644296,0.31563336,0,Medium
15637646,0.315449,0,Medium
15662203,0.31527,0,Medium
15649738,0.3152571,0,Medium
15786418,0.315103,0,Medium
15687171,0.31507698,0,Medium
15662232,0.31502798,0,Medium
15693906,0.31496707,0,Medium
15779985,0.31489855,0,Medium
15667742,0.3147794,0,Medium
15616431,0.3147147,0,Medium
15802857,0.31470048,0,Medium
15643359,0.31467816,0,Medium
15584785,0.31452894,0,Medium
15611579,0.3144088,0,Medium
15758692,0.31432703,0,Medium
15578251,0.3143116,0,Medium
15676526,0.31424147,0,Medium
15778934,0.3142412,0,Medium
15642787,0.31413049,0,Medium
15610156,0.3140305,0,Medium
15656333,0.31389737,0,Medium
15733974,0.3138315,0,Medium
15621974,0.31377077,0,Medium
15672237,0.31368184,0,Medium
15678058,0.313287,0,Medium
15674343,0.31321436,0,Medium
15606601,0.31321204,0,Medium
15708048,0.31318727,0,Medium
15607330,0.3131694,0,Medium
15796612,0.31306663,0,Medium
15573086,0.31302345,0,Medium
15721730,0.3129695,0,Medium
15666173,0.31285477,0,Medium
15583364,0.31285018,0,Medium
15797692,0.31283438,0,Medium
15713594,0.31260037,0,Medium
15701238,0.31236938,0,Medium
15610727,0.3122856,0,Medium
15796496,0.3121654,0,Medium
15593331,0.31212056,0,Medium
15780677,0.31211978,0,Medium
15575428,0.31209597,0,Medium
15666096,0.3120377,0,Medium
15641733,0.31201538,0,Medium
15628008,0.31193048,0,Medium
15644295,0.31192625,0,Medium
15614878,0.3118973,0,Medium
15655389,0.3117036,0,Medium
15661526,0.31162477,0,Medium
15794356,0.3115424,0,Medium
15734850,0.31149346,0,Medium
15652084,0.3114072,0,Medium
15802220,0.31129357,0,Medium
15762682,0.3112406,0,Medium
15756539,0.31120846,0,Medium
15796370,0.31110492,0,Medium
15656319,0.31103116,0,Medium
15642912,0.31096485,0,Medium
15745201,0.31096134,0,Medium
15729279,0.3108859,0,Medium
15593694,0.31082335,0,Medium
15731890,0.31080693,0,Medium
15747458,0.3105379,0,Medium
15699389,0.31045938,0,Medium
15636548,0.31037462,0,Medium
15672397,0.31031126,0,Medium
15694717,0.31023666,0,Medium
15581548,0.3101259,0,Medium
15759684,0.30997664,0,Medium
15640789,0.30996397,0,Medium
15699225,0.30973145,0,Medium
15637954,0.30956015,0,Medium
15777067,0.3094935,0,Medium
15624424,0.30945352,0,Medium
15677184,0.30939975,0,Medium
15578546,0.309355,0,Medium
15813718,0.30931294,0,Medium
15656417,0.30925983,0,Medium
15671987,0.3092167,0,Medium
15706131,0.3091158,0,Medium
15570134,0.30910107,0,Medium
15750258,0.30900007,0,Medium
15694890,0.3089484,0,Medium
15578878,0.30882934,0,Medium
15677783,0.30880204,0,Medium
15735522,0.30876994,0,Medium
15588933,0.30874613,0,Medium
15669994,0.30865794,0,Medium
15807555,0.30864784,0,Medium
15793881,0.30849278,0,Medium
15729958,0.30840677,0,Medium
15574743,0.30839837,0,Medium
15729668,0.30834112,0,Medium
15571752,0.30833015,0,Medium
15585835,0.30831406,0,Medium
15719479,0.30802605,0,Medium
15751943,0.30790165,0,Medium
15668081,0.3077637,0,Medium
15704769,0.30775157,0,Medium
15746802,0.30756056,0,Medium
15592846,0.30744478,0,Medium
15810010,0.3074267,0,Medium
15605926,0.30740818,0,Medium
15760749,0.30740494,0,Medium
15769272,0.3073411,0,Medium
15807432,0.30728447,0,Medium
15725036,0.30727845,0,Medium
15594594,0.3070694,0,Medium
15750765,0.30699667,0,Medium
15773071,0.30697617,0,Medium
15658813,0.30695063,0,Medium
15576745,0.30685735,0,Medium
15568120,0.30685505,0,Medium
15774224,0.30670938,0,Medium
15718769,0.3066829,0,Medium
15737354,0.30653277,0,Medium
15618446,0.30653277,0,Medium
15611157,0.306528,0,Medium
15674950,0.3065269,0,Medium
15808223,0.30651227,0,Medium
15668385,0.30643833,0,Medium
15656062,0.30641907,0,Medium
15780561,0.30631146,0,Medium
15746726,0.30627704,0,Medium
15721921,0.3061895,0,Medium
15607178,0.30612817,0,Medium
15739357,0.3060656,0,Medium
15727915,0.30606058,0,Medium
15636634,0.30599844,0,Medium
15686302,0.3059908,0,Medium
15769051,0.30597442,0,Medium
15684010,0.30596444,0,Medium
15654489,0.30592242,0,Medium
15795954,0.305605,0,Medium
15604818,0.30553398,0,Medium
15591552,0.3054731,0,Medium
15788775,0.30541128,0,Medium
15619029,0.30536595,0,Medium
15723411,0.3052847,0,Medium
15648766,0.3052403,0,Medium
15718673,0.3052046,0,Medium
15756299,0.30509502,0,Medium
15650391,0.3050872,0,Medium
15645896,0.30505022,0,Medium
15672756,0.30499926,0,Medium
15692977,0.30497897,0,Medium
15771674,0.304951,0,Medium
15743040,0.3049367,0,Medium
15711977,0.30492815,0,Medium
15670172,0.30492666,0,Medium
15778838,0.3047538,0,Medium
15809847,0.30464795,0,Medium
15621205,0.30450705,0,Medium
15799998,0.30436605,0,Medium
15746986,0.30434301,0,Medium
15782630,0.3043063,0,Medium
15747960,0.30417863,0,Medium
15680918,0.3041569,0,Medium
15750772,0.3041436,0,Medium
15768095,0.303985,0,Medium
15721917,0.30396453,0,Medium
15586752,0.30389497,0,Medium
15645353,0.30387107,0,Medium
15712608,0.30385038,0,Medium
15579109,0.30377102,0,Medium
15726289,0.303672,0,Medium
15808389,0.30364794,0,Medium
15735439,0.30361795,0,Medium
15742511,0.3035942,0,Medium
15626983,0.3034716,0,Medium
15598894,0.30340955,0,Medium
15697095,0.30333105,0,Medium
15585928,0.3033006,0,Medium
15812040,0.30306563,0,Medium
15584928,0.30299786,0,Medium
15672091,0.30284932,0,Medium
15720662,0.3027878,0,Medium
15586870,0.3026105,0,Medium
15732235,0.30258662,0,Medium
15691874,0.30252162,0,Medium
15627212,0.30224437,0,Medium
15672027,0.30220422,0,Medium
15668830,0.3021927,0,Medium
15613518,0.30195385,0,Medium
15697042,0.30193365,0,Medium
15770174,0.3018924,0,Medium
15575438,0.30171776,0,Medium
15683618,0.30159616,0,Medium
15627514,0.30153105,0,Medium
15728773,0.3015062,0,Medium
15798659,0.30146778,0,Medium
15765732,0.3014401,0,Medium
15636731,0.30135068,0,Medium
15793197,0.3012606,0,Medium
15654074,0.3012529,0,Medium
15774727,0.3012038,0,Medium
15814040,0.30103427,0,Medium
15666884,0.3006605,0,Medium
15589019,0.3006291,0,Medium
15693382,0.30062234,0,Medium
15770424,0.30055416,0,Medium
15587835,0.30037025,0,Medium
15598695,0.30035657,0,Medium
15727556,0.30030802,0,Medium
15766649,0.30026937,0,Medium
15772933,0.30010805,0,Medium
15675231,0.30008888,0,Medium
15726487,0.30008197,0,Medium
15701164,0.30006498,0,Medium
15781702,0.3000451,0,Medium
15722692,0.29997697,0,Low
15638231,0.2998753,0,Low
15688984,0.29971442,0,Low
15677382,0.2996619,0,Low
15614818,0.29964855,0,Low
15782899,0.29947674,0,Low
15783522,0.29925343,0,Low
15681081,0.2992192,0,Low
15792232,0.29920956,0,Low
15747265,0.29915667,0,Low
15638329,0.29892167,0,Low
15755209,0.29886442,0,Low
15793135,0.29886243,0,Low
15738721,0.29872894,0,Low
15689412,0.2986956,0,Low
15589544,0.29867944,0,Low
15744919,0.29862818,0,Low
15725511,0.2984253,0,Low
15568595,0.29834938,0,Low
15641091,0.29831854,0,Low
15775307,0.2983059,0,Low
15589969,0.2981902,0,Low
15759751,0.29817703,0,Low
15716431,0.29812974,0,Low
15575691,0.29812002,0,Low
15660646,0.29809436,0,Low
15789055,0.29803917,0,Low
15740846,0.29797962,0,Low
15769254,0.29777464,0,Low
15675963,0.29768723,0,Low
15745355,0.2976723,0,Low
15690958,0.2976677,0,Low
15771997,0.29757383,0,Low
15654341,0.29744288,0,Low
15677305,0.2973536,0,Low
15599084,0.29713485,0,Low
15781326,0.2968367,0,Low
15590876,0.29674923,0,Low
15800515,0.29659012,0,Low
15605375,0.2963829,0,Low
15706729,0.2963004,0,Low
15576360,0.29618615,0,Low
15724620,0.29602784,0,Low
15608916,0.29596138,0,Low
15598536,0.29592305,0,Low
15727819,0.29563576,0,Low
15790564,0.295624,0,Low
15732774,0.29557252,0,Low
15813422,0.29554638,0,Low
15601026,0.29539108,0,Low
15621546,0.295341,0,Low
15589805,0.29530004,0,Low
15795895,0.29527372,0,Low
15719276,0.29525924,0,Low
15574868,0.29523775,0,Low
15689322,0.29518482,0,Low
15650889,0.2951116,0,Low
15692599,0.29510063,0,Low
15775293,0.2950868,0,Low
15808849,0.2949797,0,Low
15761043,0.29496658,0,Low
15705663,0.29492825,0,Low
15812518,0.2949007,0,Low
15656096,0.29480785,0,Low
15632263,0.29473904,0,Low
15589380,0.294701,0,Low
15590888,0.29469755,0,Low
15625675,0.2946879,0,Low
15749851,0.2946646,0,Low
15793842,0.29462665,0,Low
15629390,0.29460585,0,Low
15618225,0.29460484,0,Low
15593345,0.29458842,0,Low
15771749,0.2943393,0,Low
15784286,0.29416165,0,Low
15790324,0.29414135,0,Low
15794868,0.29412472,0,Low
15701605,0.29408777,0,Low
15723169,0.29408565,0,Low
15717426,0.29401192,0,Low
15778190,0.29399207,0,Low
15725094,0.29395962,0,Low
15646302,0.2939589,0,Low
15632826,0.29382068,0,Low
15684865,0.29376546,0,Low
15615991,0.29371816,0,Low
15580682,0.29344052,0,Low
15795738,0.2934298,0,Low
15627699,0.29340184,0,Low
15709451,0.2933445,0,Low
15769586,0.293309,0,Low
15773260,0.29329723,0,Low
15640266,0.29318902,0,Low
15648989,0.29313067,0,Low
15788930,0.29309896,0,Low
15607040,0.29304227,0,Low
15801466,0.29297674,0,Low
15628319,0.29292157,0,Low
15682928,0.292824,0,Low
15708046,0.29280722,0,Low
15620836,0.2927281,0,Low
15799925,0.29267085,0,Low
15757628,0.2924788,0,Low
15712777,0.29234323,0,Low
15686164,0.29228762,0,Low
15626322,0.29220682,0,Low
15574554,0.29198587,0,Low
15765846,0.2919642,0,Low
15796114,0.29186845,0,Low
15596397,0.2918615,0,Low
15607381,0.29185742,0,Low
15607986,0.2918045,0,Low
15759034,0.29150167,0,Low
15792565,0.2914195,0,Low
15655339,0.2914086,0,Low
15722578,0.29138955,0,Low
15596811,0.2913245,0,Low
15803682,0.2911369,0,Low
15575510,0.29106545,0,Low
15580629,0.29102874,0,Low
15594576,0.291024,0,Low
15659305,0.29098076,0,Low
15752578,0.29085276,0,Low
15777211,0.29082957,0,Low
15654625,0.29076108,0,Low
15739168,0.29075906,0,Low
15582797,0.29073998,0,Low
15796413,0.29064924,0,Low
15759499,0.29053977,0,Low
15791114,0.29042795,0,Low
15731267,0.2903811,0,Low
15743076,0.29028586,0,Low
15799815,0.2902695,0,Low
15790322,0.29018107,0,Low
15730339,0.2899871,0,Low
15799785,0.28995866,0,Low
15735688,0.28973332,0,Low
15618695,0.28968892,0,Low
15774262,0.28965726,0,Low
15618245,0.28958854,0,Low
15778936,0.28939456,0,Low
15792365,0.28932872,0,Low
15788539,0.28918162,0,Low
15601589,0.2891232,0,Low
15647800,0.28909358,0,Low
15706593,0.28907728,0,Low
15631912,0.2890284,0,Low
15702561,0.28899303,0,Low
15596979,0.28889942,0,Low
15670427,0.28877497,0,Low
15772383,0.28874877,0,Low
15626156,0.28864753,0,Low
15733114,0.2886351,0,Low
15649239,0.28857273,0,Low
15711602,0.28855118,0,Low
15718667,0.2885356,0,Low
15605804,0.28852862,0,Low
15575619,0.28837466,0,Low
15730397,0.28827688,0,Low
15709741,0.28824353,0,Low
15594720,0.28809518,0,Low
15815131,0.28803957,0,Low
15583067,0.28776625,0,Low
15734058,0.2874772,0,Low
15711130,0.2874663,0,Low
15607098,0.28730264,0,Low
15582960,0.28710955,0,Low
15587712,0.28708297,0,Low
15617252,0.2870827,0,Low
15765952,0.28707844,0,Low
15656351,0.28693733,0,Low
15748360,0.2867768,0,Low
15719265,0.28643808,0,Low
15749679,0.2863079,0,Low
15768359,0.28618324,0,Low
15668057,0.28617212,0,Low
15701265,0.28603312,0,Low
15777904,0.28601027,0,Low
15764195,0.28600764,0,Low
15605684,0.2860063,0,Low
15722813,0.28598133,0,Low
15792329,0.28576514,0,Low
15642579,0.28572002,0,Low
15799468,0.2857177,0,Low
15575679,0.2857141,0,Low
15811127,0.28569394,0,Low
15605130,0.28544876,0,Low
15585284,0.28544664,0,Low
15684440,0.28526622,0,Low
15779743,0.2852073,0,Low
15780514,0.2852061,0,Low
15633227,0.2850921,0,Low
15808189,0.28502247,0,Low
15780144,0.28500044,0,Low
15754578,0.2849208,0,Low
15770345,0.2849035,0,Low
15752488,0.284892,0,Low
15680421,0.28475913,0,Low
15580213,0.2847227,0,Low
15614827,0.2846994,0,Low
15636024,0.2846626,0,Low
15624775,0.2845912,0,Low
15733904,0.28458422,0,Low
15780961,0.2844571,0,Low
15589320,0.28417498,0,Low
15754494,0.28411627,0,Low
15654654,0.28411534,0,Low
15630641,0.28406227,0,Low
15731760,0.28372207,0,Low
15587676,0.2836198,0,Low
15781589,0.28359133,0,Low
15711457,0.28354293,0,Low
15621629,0.283435,0,Low
15774098,0.28342667,0,Low
15710825,0.28311983,0,Low
15690130,0.283024,0,Low
15638513,0.28300232,0,Low
15770719,0.28285274,0,Low
15709476,0.28280893,0,Low
15751032,0.28279662,0,Low
15653997,0.28277257,0,Low
15785611,0.28260884,0,Low
15612670,0.28251866,0,Low
15782758,0.28238103,0,Low
15583755,0.28232193,0,Low
15649418,0.28198603,0,Low
15670552,0.28188884,0,Low
15755225,0.28186637,0,Low
15766185,0.2816329,0,Low
15693996,0.28160012,0,Low
15587177,0.28142712,0,Low
15784597,0.28140625,0,Low
15728505,0.28129134,0,Low
15688689,0.2811511,0,Low
15721181,0.28115013,0,Low
15701318,0.28110537,0,Low
15576676,0.2810981,0,Low
15657139,0.28108683,0,Low
15735263,0.28070664,0,Low
15616525,0.2806932,0,Low
15805671,0.28048462,0,Low
15813741,0.2804201,0,Low
15793491,0.28030947,0,Low
15592765,0.28022036,0,Low
15725698,0.28016335,0,Low
15776051,0.28013766,0,Low
15800845,0.28003114,0,Low
15659807,0.28002778,0,Low
15592386,0.27998915,0,Low
15766746,0.27989203,0,Low
15604119,0.2798895,0,Low
15785350,0.27982533,0,Low
15623560,0.27980012,0,Low
15779414,0.27969664,0,Low
15643378,0.27965158,0,Low
15741092,0.2796464,0,Low
15693337,0.2796078,0,Low
15682585,0.2795357,0,Low
15800366,0.27953145,0,Low
15800811,0.27952358,0,Low
15810385,0.27945226,0,Low
15631217,0.27936336,0,Low
15620988,0.27935272,0,Low
15700946,0.27933738,0,Low
15669293,0.2793317,0,Low
15722993,0.27933002,0,Low
15767231,0.27925462,0,Low
15763579,0.27919456,0,Low
15619529,0.27917892,0,Low
15682356,0.2789997,0,Low
15594902,0.27890617,0,Low
15802106,0.27882144,0,Low
15748116,0.27868518,0,Low
15631800,0.27866095,0,Low
15710390,0.27856946,0,Low
15770974,0.27850977,0,Low
15591489,0.27847737,0,Low
15575581,0.27847192,0,Low
15670602,0.27841684,0,Low
15703354,0.2783956,0,Low
15741181,0.2783543,0,Low
15720508,0.2783384,0,Low
15681843,0.27826208,0,Low
15709478,0.27824607,0,Low
15703177,0.27823156,0,Low
15803337,0.27822167,0,Low
15723671,0.27810374,0,Low
15598046,0.27807987,0,Low
15782591,0.27795008,0,Low
15644753,0.27777886,0,Low
15750769,0.27771106,0,Low
15663885,0.2776246,0,Low
15693018,0.2775526,0,Low
15718839,0.2775239,0,Low
15782404,0.27730158,0,Low
15664681,0.27712065,0,Low
15763895,0.27674907,0,Low
15716781,0.2767051,0,Low
15737414,0.27666864,0,Low
15803415,0.27652872,0,Low
15689955,0.2765122,0,Low
15584930,0.2764292,0,Low
15613282,0.27627045,0,Low
15720050,0.2761474,0,Low
15683657,0.2761121,0,Low
15719212,0.27590367,0,Low
15683993,0.2758586,0,Low
15705676,0.27572212,0,Low
15800068,0.27553076,0,Low
15585961,0.27552357,0,Low
15790678,0.2754464,0,Low
15610337,0.2753996,0,Low
15787168,0.2753473,0,Low
15670354,0.2752931,0,Low
15666767,0.27518392,0,Low
15669342,0.2747426,0,Low
15610781,0.27458334,0,Low
15570990,0.27452278,0,Low
15628059,0.27451202,0,Low
15589493,0.27424866,0,Low
15680683,0.27411568,0,Low
15699619,0.27400935,0,Low
15691387,0.27394456,0,Low
15679299,0.2739218,0,Low
15684516,0.27380604,0,Low
15572728,0.27377483,0,Low
15586993,0.2737689,0,Low
15690153,0.27372462,0,Low
15730059,0.273387,0,Low
15732884,0.27328607,0,Low
15705113,0.2732512,0,Low
15752953,0.27323827,0,Low
15690731,0.27313903,0,Low
15600510,0.27310237,0,Low
15680587,0.27304968,0,Low
15770405,0.27301115,0,Low
15628530,0.27276444,0,Low
15583849,0.27260643,0,Low
15750776,0.2725975,0,Low
15750141,0.27256927,0,Low
15591607,0.27253675,0,Low
15656522,0.27248356,0,Low
15802570,0.27245432,0,Low
15730579,0.2723153,0,Low
15665579,0.27230352,0,Low
15744273,0.2722911,0,Low
15675842,0.2720405,0,Low
15719352,0.27203244,0,Low
15615322,0.27199987,0,Low
15693162,0.27184978,0,Low
15721303,0.27172652,0,Low
15708791,0.27170435,0,Low
15716420,0.27166486,0,Low
15567114,0.2716587,0,Low
15677785,0.27160767,0,Low
15643635,0.27160767,0,Low
15775339,0.27145934,0,Low
15748691,0.2713027,0,Low
15713637,0.27128682,0,Low
15736990,0.27128196,0,Low
15621644,0.2712378,0,Low
15587133,0.2712339,0,Low
15706587,0.2711898,0,Low
15625586,0.27113193,0,Low
15654870,0.27093083,0,Low
15609299,0.2708026,0,Low
15776096,0.27080202,0,Low
15736601,0.27078122,0,Low
15696506,0.27076286,0,Low
15688085,0.27074182,0,Low
15740458,0.27065685,0,Low
15723654,0.27059203,0,Low
15794916,0.27041638,0,Low
15610056,0.2703811,0,Low
15675675,0.2702852,0,Low
15656865,0.2701642,0,Low
15801915,0.27013355,0,Low
15657317,0.2700852,0,Low
15630661,0.2697796,0,Low
15754261,0.26976877,0,Low
15667944,0.26973242,0,Low
15685019,0.2695318,0,Low
15735782,0.26952928,0,Low
15596710,0.26951388,0,Low
15696371,0.2693354,0,Low
15710978,0.26925388,0,Low
15727021,0.26924276,0,Low
15734714,0.2691913,0,Low
15572631,0.2691597,0,Low
15687607,0.2691231,0,Low
15633950,0.26910302,0,Low
15590683,0.26900342,0,Low
15720838,0.26896074,0,Low
15658946,0.2689241,0,Low
15785519,0.268852,0,Low
15697127,0.26871905,0,Low
15578435,0.26871863,0,Low
15569624,0.26866215,0,Low
15756333,0.26864874,0,Low
15785042,0.26852334,0,Low
15733842,0.26851445,0,Low
15644297,0.26850632,0,Low
15644572,0.2682827,0,Low
15694601,0.26825005,0,Low
15589589,0.26824686,0,Low
15708289,0.268148,0,Low
15744695,0.2681199,0,Low
15661036,0.26801437,0,Low
15581871,0.26798126,0,Low
15723873,0.26796365,0,Low
15675422,0.26791167,0,Low
15725429,0.26786435,0,Low
15642619,0.26786128,0,Low
15681990,0.26773998,0,Low
15738835,0.26741922,0,Low
15625716,0.26725024,0,Low
15716357,0.26723984,0,Low
15754849,0.26722777,0,Low
15599272,0.2671907,0,Low
15679733,0.26709464,0,Low
15570912,0.26707008,0,Low
15572093,0.266762,0,Low
15665759,0.26672044,0,Low
15746139,0.26651013,0,Low
15613787,0.26648745,0,Low
15616168,0.26639357,0,Low
15636016,0.26625848,0,Low
15577064,0.2662482,0,Low
15737275,0.26623058,0,Low
15647474,0.26607937,0,Low
15742534,0.2660708,0,Low
15581388,0.26564702,0,Low
15600821,0.26555774,0,Low
15663168,0.2654727,0,Low
15571284,0.26541364,0,Low
15729018,0.26518387,0,Low
15793896,0.26503277,0,Low
15727059,0.2650263,0,Low
15615020,0.26500234,0,Low
15784130,0.2647383,0,Low
15694253,0.26472303,0,Low
15727251,0.26455927,0,Low
15665376,0.264528,0,Low
15572461,0.26449504,0,Low
15677112,0.26441225,0,Low
15638963,0.26436508,0,Low
15712960,0.26429105,0,Low
15712121,0.2642643,0,Low
15654408,0.26423475,0,Low
15595937,0.26421767,0,Low
15584897,0.26403445,0,Low
15619407,0.26403344,0,Low
15813660,0.26388258,0,Low
15802118,0.26382568,0,Low
15689616,0.26371634,0,Low
15603741,0.26365986,0,Low
15794266,0.26362184,0,Low
15639368,0.26357138,0,Low
15576000,0.2635682,0,Low
15814035,0.26356477,0,Low
15654409,0.2635502,0,Low
15804064,0.26336333,0,Low
15631481,0.26321012,0,Low
15586959,0.26320794,0,Low
15627365,0.2631868,0,Low
15607065,0.26318517,0,Low
15601627,0.26303867,0,Low
15609823,0.26300567,0,Low
15680685,0.2629624,0,Low
15622729,0.2628039,0,Low
15737705,0.26277518,0,Low
15802060,0.26266107,0,Low
15710671,0.2626018,0,Low
15677049,0.26236174,0,Low
15781777,0.26235324,0,Low
15679587,0.26217356,0,Low
15618314,0.26209864,0,Low
15582951,0.2619855,0,Low
15726774,0.2619143,0,Low
15759913,0.26184857,0,Low
15712303,0.26182574,0,Low
15741693,0.2616522,0,Low
15806511,0.26159996,0,Low
15621653,0.2614927,0,Low
15612832,0.26142633,0,Low
15750056,0.26130307,0,Low
15768293,0.26095167,0,Low
15590011,0.26091343,0,Low
15794122,0.26086664,0,Low
15724423,0.26071382,0,Low
15579166,0.26065433,0,Low
15591766,0.2606145,0,Low
15684769,0.26055646,0,Low
15809558,0.26047522,0,Low
15805909,0.26042518,0,Low
15624423,0.2603313,0,Low
15807837,0.26017982,0,Low
15580043,0.25995064,0,Low
15624596,0.25994337,0,Low
15652218,0.25990435,0,Low
15803654,0.25987315,0,Low
15733768,0.2598314,0,Low
15678374,0.25970805,0,Low
15797787,0.25956985,0,Low
15711825,0.25952214,0,Low
15578374,0.2595132,0,Low
15690332,0.25932878,0,Low
15643121,0.25924197,0,Low
15764294,0.2591441,0,Low
15582016,0.25895724,0,Low
15801152,0.25895163,0,Low
15570051,0.2589298,0,Low
15810563,0.25872833,0,Low
15690209,0.2586173,0,Low
15604804,0.25836265,0,Low
15633274,0.25822186,0,Low
15758856,0.25818014,0,Low
15668958,0.25817078,0,Low
15615828,0.25808272,0,Low
15757537,0.2580348,0,Low
15783501,0.2578162,0,Low
15788494,0.2578091,0,Low
15583692,0.25775608,0,Low
15800295,0.25770313,0,Low
15783958,0.2576328,0,Low
15765812,0.25751954,0,Low
15567893,0.2575133,0,Low
15721487,0.2574485,0,Low
15659094,0.2573933,0,Low
15623828,0.2572611,0,Low
15724296,0.2572501,0,Low
15758073,0.25721675,0,Low
15611682,0.2571809,0,Low
15673084,0.25710288,0,Low
15813034,0.257059,0,Low
15605918,0.25703,0,Low
15711521,0.25702393,0,Low
15685320,0.2570104,0,Low
15669060,0.25683096,0,Low
15649379,0.25682667,0,Low
15584477,0.2567722,0,Low
15785542,0.2567292,0,Low
15603378,0.25629446,0,Low
15783659,0.2562224,0,Low
15596136,0.256064,0,Low
15755798,0.255954,0,Low
15654229,0.25591996,0,Low
15811594,0.25568056,0,Low
15649124,0.25556272,0,Low
15619045,0.25542673,0,Low
15607691,0.25539652,0,Low
15640442,0.25532767,0,Low
15637788,0.25521466,0,Low
15724563,0.25515783,0,Low
15648320,0.2550612,0,Low
15669282,0.25504974,0,Low
15659656,0.25477806,0,Low
15776631,0.25477538,0,Low
15702968,0.2547496,0,Low
15812191,0.25462165,0,Low
15704014,0.2545278,0,Low
15771086,0.25439405,0,Low
15731781,0.2543164,0,Low
15605666,0.25424418,0,Low
15632793,0.25412658,0,Low
15791174,0.25410393,0,Low
15616745,0.25403196,0,Low
15622774,0.25401056,0,Low
15698510,0.2539194,0,Low
15575498,0.2539088,0,Low
15766172,0.2539071,0,Low
15589204,0.25378546,0,Low
15637522,0.2536911,0,Low
15628123,0.2536491,0,Low
15689751,0.25362566,0,Low
15772995,0.2534108,0,Low
15752816,0.2534108,0,Low
15593365,0.25328505,0,Low
15801256,0.25319484,0,Low
15682995,0.25305006,0,Low
15814116,0.25285444,0,Low
15646609,0.2528114,0,Low
15602979,0.2528114,0,Low
15579112,0.2527516,0,Low
15694829,0.25274345,0,Low
15723320,0.25253603,0,Low
15647546,0.25253513,0,Low
15641480,0.25252467,0,Low
15790599,0.25250053,0,Low
15704509,0.25249374,0,Low
15643439,0.2523625,0,Low
15713604,0.2523338,0,Low
15807340,0.25231144,0,Low
15642997,0.25207636,0,Low
15714006,0.25204092,0,Low
15695585,0.25203615,0,Low
15598175,0.25195834,0,Low
15653222,0.25194296,0,Low
15594917,0.25172547,0,Low
15637774,0.25149214,0,Low
15569878,0.25140065,0,Low
15634295,0.25130317,0,Low
15692226,0.25112912,0,Low
15725762,0.25107574,0,Low
15764708,0.25107116,0,Low
15756894,0.25105298,0,Low
15773751,0.25098836,0,Low
15574115,0.2508909,0,Low
15732621,0.25088158,0,Low
15766417,0.25084302,0,Low
15583576,0.25080156,0,Low
15758755,0.25077346,0,Low
15602479,0.25076634,0,Low
15759184,0.25076157,0,Low
15688337,0.2507239,0,Low
15674442,0.25071096,0,Low
15671032,0.25058967,0,Low
15778345,0.2505209,0,Low
15599195,0.25045887,0,Low
15610090,0.25039765,0,Low
15714240,0.2503535,0,Low
15571995,0.2503235,0,Low
15726046,0.25032198,0,Low
15646227,0.25025484,0,Low
15666181,0.25006762,0,Low
15695474,0.25003833,0,Low
15708236,0.25001758,0,Low
15654300,0.24981497,0,Low
15778489,0.24979013,0,Low
15699257,0.24971583,0,Low
15628992,0.24968417,0,Low
15680243,0.24966678,0,Low
15617518,0.2496652,0,Low
15810839,0.24957104,0,Low
15636069,0.24955525,0,Low
15569892,0.2495366,0,Low
15596808,0.24943177,0,Low
15682211,0.24941391,0,Low
15642202,0.24935597,0,Low
15588587,0.24930267,0,Low
15721779,0.24919774,0,Low
15660871,0.24916801,0,Low
15681991,0.24912617,0,Low
15658614,0.2490897,0,Low
15775709,0.24906977,0,Low
15661249,0.24887988,0,Low
15781451,0.24883379,0,Low
15687688,0.24876542,0,Low
15655903,0.24859165,0,Low
15627185,0.24854277,0,Low
15573798,0.24852811,0,Low
15598521,0.248463,0,Low
15568106,0.24845555,0,Low
15750602,0.24836102,0,Low
15752984,0.2483499,0,Low
15690492,0.24831043,0,Low
15748381,0.2482537,0,Low
15572360,0.24825288,0,Low
15790596,0.24822782,0,Low
15634146,0.24816155,0,Low
15685997,0.24814026,0,Low
15664720,0.24811901,0,Low
15602497,0.24805562,0,Low
15626212,0.24798252,0,Low
15737310,0.24796872,0,Low
15592078,0.2477611,0,Low
15707962,0.24760924,0,Low
15756150,0.24748234,0,Low
15628274,0.24742289,0,Low
15808182,0.24729446,0,Low
15596522,0.24728186,0,Low
15729412,0.24724554,0,Low
15580146,0.2471523,0,Low
15580560,0.24708651,0,Low
15758531,0.24707517,0,Low
15642468,0.24696855,0,Low
15742009,0.24695916,0,Low
15688612,0.24694939,0,Low
15716000,0.24689956,0,Low
15629128,0.24682772,0,Low
15610755,0.24675746,0,Low
15681554,0.24673006,0,Low
15749482,0.24664181,0,Low
15611947,0.24649571,0,Low
15784445,0.24646398,0,Low
15724719,0.24644342,0,Low
15762351,0.2463929,0,Low
15618750,0.24628781,0,Low
15747762,0.24628781,0,Low
15688264,0.24617188,0,Low
15628863,0.24610133,0,Low
15610042,0.24608752,0,Low
15762045,0.24596994,0,Low
15628420,0.24591422,0,Low
15648702,0.24591053,0,Low
15575002,0.24581906,0,Low
15626507,0.2457973,0,Low
15794792,0.24576698,0,Low
15815428,0.24573064,0,Low
15610147,0.24567707,0,Low
15775153,0.24564593,0,Low
15623730,0.24555182,0,Low
15742480,0.24543962,0,Low
15611580,0.24543159,0,Low
15814022,0.24536255,0,Low
15700549,0.2453457,0,Low
15678720,0.24530032,0,Low
15763859,0.2451759,0,Low
15632256,0.24517237,0,Low
15744279,0.24503401,0,Low
15774328,0.24497057,0,Low
15647572,0.24489598,0,Low
15679024,0.2448918,0,Low
15573112,0.24487877,0,Low
15729832,0.24462089,0,Low
15658693,0.2444286,0,Low
15607634,0.2444151,0,Low
15813439,0.24431562,0,Low
15675252,0.2442825,0,Low
15665327,0.24426389,0,Low
15613326,0.24418092,0,Low
15680141,0.24415752,0,Low
15750970,0.24404258,0,Low
15735388,0.24400677,0,Low
15708362,0.24400072,0,Low
15656597,0.24399357,0,Low
15779711,0.24398805,0,Low
15744553,0.24394923,0,Low
15630244,0.24392046,0,Low
15770498,0.24385296,0,Low
15590820,0.24366072,0,Low
15682467,0.24358411,0,Low
15721307,0.24346887,0,Low
15678910,0.24339312,0,Low
15626012,0.2433189,0,Low
15603319,0.24328333,0,Low
15707042,0.24315685,0,Low
15747867,0.243148,0,Low
15603550,0.24300814,0,Low
15596939,0.24292879,0,Low
15729019,0.24278477,0,Low
15625881,0.24277155,0,Low
15584967,0.24270368,0,Low
15737627,0.24263859,0,Low
15731117,0.2424694,0,Low
15704954,0.24240245,0,Low
15761854,0.24239428,0,Low
15783349,0.2423918,0,Low
15624892,0.2423399,0,Low
15589949,0.24231869,0,Low
15732448,0.24228144,0,Low
15787710,0.24226372,0,Low
15753343,0.24224019,0,Low
15635752,0.24221179,0,Low
15702789,0.24217448,0,Low
15621409,0.24215719,0,Low
15799357,0.2420963,0,Low
15760988,0.24205126,0,Low
15594270,0.2419974,0,Low
15777896,0.24165276,0,Low
15622470,0.24155828,0,Low
15790489,0.24153435,0,Low
15678067,0.2413874,0,Low
15584338,0.24135473,0,Low
15716134,0.24130204,0,Low
15770984,0.24124445,0,Low
15671139,0.24119143,0,Low
15744041,0.24115469,0,Low
15601550,0.24108993,0,Low
15568449,0.24099617,0,Low
15612043,0.24082209,0,Low
15607142,0.24069211,0,Low
15761763,0.24066253,0,Low
15735025,0.24061936,0,Low
15750803,0.24053589,0,Low
15745433,0.24051645,0,Low
15660541,0.24049571,0,Low
15569438,0.24038397,0,Low
15667417,0.2403137,0,Low
15734917,0.2402215,0,Low
15815259,0.24019836,0,Low
15768465,0.24012397,0,Low
15632576,0.23989692,0,Low
15607874,0.23973562,0,Low
15702656,0.23965019,0,Low
15733476,0.23957546,0,Low
15723339,0.23944509,0,Low
15718779,0.23942217,0,Low
15778304,0.23931327,0,Low
15583303,0.2392358,0,Low
15677586,0.23921353,0,Low
15787619,0.23916003,0,Low
15624170,0.23905887,0,Low
15651144,0.2387839,0,Low
15632365,0.2385737,0,Low
15742172,0.2384062,0,Low
15671165,0.23839638,0,Low
15690526,0.23837145,0,Low
15667392,0.23835564,0,Low
15638774,0.23833776,0,Low
15637178,0.23830774,0,Low
15768193,0.23818325,0,Low
15624703,0.23810709,0,Low
15606915,0.23807238,0,Low
15723818,0.2380526,0,Low
15604832,0.23799738,0,Low
15709447,0.23793922,0,Low
15749557,0.2379269,0,Low
15607837,0.23787951,0,Low
15665766,0.23781027,0,Low
15749727,0.2375711,0,Low
15796071,0.23751463,0,Low
15723685,0.23748453,0,Low
15722535,0.23742925,0,Low
15664227,0.23742577,0,Low
15627517,0.23739848,0,Low
15709604,0.23725039,0,Low
15739548,0.23705284,0,Low
15795132,0.23700143,0,Low
15569526,0.23692296,0,Low
15631457,0.23683809,0,Low
15753861,0.23679127,0,Low
15758136,0.23674966,0,Low
15780716,0.23673569,0,Low
15645136,0.23671044,0,Low
15740072,0.23669586,0,Low
15774166,0.23660737,0,Low
15692258,0.23659292,0,Low
15637118,0.23659097,0,Low
15681887,0.23657936,0,Low
15626144,0.23657498,0,Low
15618018,0.23655245,0,Low
15591822,0.23633343,0,Low
15795166,0.23618244,0,Low
15622993,0.23612626,0,Low
15569446,0.23612402,0,Low
15633834,0.2360521,0,Low
15737571,0.2359052,0,Low
15726556,0.23574063,0,Low
15735221,0.23562399,0,Low
15798824,0.23558778,0,Low
15588019,0.23556253,0,Low
15631512,0.23555322,0,Low
15660301,0.23550658,0,Low
15784918,0.23527564,0,Low
15670587,0.23523779,0,Low
15673619,0.23507595,0,Low
15706394,0.23496686,0,Low
15585106,0.23496138,0,Low
15765532,0.23491226,0,Low
15684925,0.23484808,0,Low
15649992,0.23464338,0,Low
15670266,0.23449698,0,Low
15777830,0.23447675,0,Low
15739248,0.23436669,0,Low
15724200,0.2343374,0,Low
15665811,0.23419558,0,Low
15786852,0.23418675,0,Low
15588219,0.2341377,0,Low
15745623,0.23411664,0,Low
15701946,0.23400347,0,Low
15691396,0.23389514,0,Low
15641585,0.23369393,0,Low
15688563,0.23364177,0,Low
15814465,0.23357342,0,Low
15580487,0.23350939,0,Low
15670753,0.2335026,0,Low
15705313,0.23350054,0,Low
15704629,0.23341626,0,Low
15605113,0.23337987,0,Low
15779496,0.23330684,0,Low
15674840,0.23325543,0,Low
15795571,0.23322508,0,Low
15679966,0.23310858,0,Low
15800688,0.23308498,0,Low
15807433,0.23307537,0,Low
15755648,0.23301847,0,Low
15771139,0.23260435,0,Low
15744622,0.23259728,0,Low
15747927,0.2325224,0,Low
15664881,0.2324679,0,Low
15790019,0.23240429,0,Low
15656937,0.23236528,0,Low
15717046,0.23230886,0,Low
15810457,0.23225752,0,Low
15675585,0.23225571,0,Low
15764409,0.23222737,0,Low
15770567,0.23220849,0,Low
15614215,0.23217893,0,Low
15748327,0.2320607,0,Low
15688868,0.23186812,0,Low
15615832,0.23185432,0,Low
15648067,0.23174052,0,Low
15712543,0.23165737,0,Low
15612071,0.2316083,0,Low
15802362,0.23159398,0,Low
15584505,0.2315887,0,Low
15681697,0.23156078,0,Low
15659031,0.2315317,0,Low
15797710,0.2313653,0,Low
15744717,0.23131324,0,Low
15675888,0.23116624,0,Low
15807107,0.23109974,0,Low
15658485,0.23109454,0,Low
15657321,0.23109075,0,Low
15684958,0.23105727,0,Low
15636521,0.23094966,0,Low
15589312,0.23094887,0,Low
15741417,0.23091967,0,Low
15588918,0.23082249,0,Low
15665963,0.23075955,0,Low
15748639,0.23074955,0,Low
15570908,0.2307271,0,Low
15723721,0.23072268,0,Low
15732660,0.23065586,0,Low
15706762,0.23065503,0,Low
15785326,0.23057267,0,Low
15686696,0.23056519,0,Low
15598157,0.23056164,0,Low
15733616,0.23049933,0,Low
15659100,0.23041312,0,Low
15798709,0.23032212,0,Low
15799534,0.23030493,0,Low
15623927,0.23023029,0,Low
15584766,0.2300935,0,Low
15597109,0.23007818,0,Low
15718780,0.23000833,0,Low
15742238,0.22970204,0,Low
15736146,0.22959734,0,Low
15668695,0.2295853,0,Low
15594651,0.22951615,0,Low
15607395,0.22942697,0,Low
15639049,0.22941522,0,Low
15800805,0.22941522,0,Low
15666032,0.22920959,0,Low
15639576,0.22916304,0,Low
15772996,0.22914696,0,Low
15740470,0.22893448,0,Low
15681196,0.2288572,0,Low
15582066,0.22883663,0,Low
15736495,0.22868297,0,Low
15604345,0.22859994,0,Low
15647333,0.2284159,0,Low
15665784,0.22838812,0,Low
15811486,0.22837551,0,Low
15806929,0.2283453,0,Low
15779738,0.22825469,0,Low
15745716,0.22823298,0,Low
15706552,0.22823209,0,Low
15778861,0.22790731,0,Low
15806926,0.2278919,0,Low
15760121,0.22789082,0,Low
15721937,0.22785687,0,Low
15687884,0.22776468,0,Low
15794178,0.22774975,0,Low
15742879,0.22773348,0,Low
15700325,0.22771534,0,Low
15694453,0.22768353,0,Low
15585047,0.22761503,0,Low
15744913,0.22751048,0,Low
15800703,0.22746767,0,Low
15587013,0.22742417,0,Low
15720814,0.22742169,0,Low
15620557,0.22735126,0,Low
15752694,0.22732721,0,Low
15739054,0.22731191,0,Low
15753874,0.22727785,0,Low
15767871,0.22726543,0,Low
15776827,0.22709855,0,Low
15575243,0.22705464,0,Low
15615012,0.22699344,0,Low
15770711,0.2269917,0,Low
15654574,0.22686511,0,Low
15654379,0.22678488,0,Low
15804072,0.22669432,0,Low
15695197,0.22665466,0,Low
15646539,0.22660111,0,Low
15790355,0.2265509,0,Low
15573926,0.22635217,0,Low
15614740,0.2262877,0,Low
15726814,0.22622232,0,Low
15741295,0.22608629,0,Low
15713517,0.22608139,0,Low
15679801,0.22607498,0,Low
15720187,0.22603467,0,Low
15810732,0.22589998,0,Low
15636520,0.22588573,0,Low
15653404,0.22587118,0,Low
15609637,0.22586645,0,Low
15583138,0.22572075,0,Low
15649450,0.22566143,0,Low
15749004,0.22565174,0,Low
15811985,0.22561666,0,Low
15726032,0.22547597,0,Low
15808566,0.22545709,0,Low
15654959,0.22537187,0,Low
15605791,0.22534047,0,Low
15709338,0.22530049,0,Low
15581280,0.22527978,0,Low
15771702,0.22526531,0,Low
15721433,0.22519717,0,Low
15805413,0.22513245,0,Low
15810898,0.22506565,0,Low
15624995,0.22504069,0,Low
15675522,0.2250323,0,Low
15672894,0.22497441,0,Low
15636700,0.2247663,0,Low
15600879,0.22460999,0,Low
15617419,0.22456561,0,Low
15694506,0.22455044,0,Low
15585823,0.22452837,0,Low
15646196,0.22450572,0,Low
15642336,0.22448634,0,Low
15744614,0.22427408,0,Low
15684294,0.22411768,0,Low
15799825,0.22401679,0,Low
15801247,0.22398904,0,Low
15641183,0.22396262,0,Low
15584580,0.22394732,0,Low
15654611,0.22393593,0,Low
15732672,0.22390166,0,Low
15632472,0.22370328,0,Low
15699335,0.22365737,0,Low
15724444,0.22361034,0,Low
15603221,0.22360677,0,Low
15769451,0.22358288,0,Low
15700366,0.22347684,0,Low
15570769,0.223431,0,Low
15756425,0.22342287,0,Low
15676156,0.22339378,0,Low
15764253,0.22336057,0,Low
15743582,0.22332104,0,Low
15706036,0.2232665,0,Low
15626882,0.2232279,0,Low
15649618,0.22321188,0,Low
15691170,0.22309834,0,Low
15750649,0.2229363,0,Low
15797246,0.22291535,0,Low
15572657,0.22280732,0,Low
15752463,0.22277594,0,Low
15748352,0.22274613,0,Low
15653595,0.22261815,0,Low
15575430,0.22255193,0,Low
15672983,0.22254482,0,Low
15673693,0.2223067,0,Low
15604792,0.22228843,0,Low
15679743,0.22226937,0,Low
15679029,0.2222501,0,Low
15758081,0.22204082,0,Low
15630704,0.22203642,0,Low
15633944,0.22200365,0,Low
15612771,0.22186819,0,Low
15794159,0.22184983,0,Low
15739502,0.2217662,0,Low
15726484,0.22173269,0,Low
15757577,0.22146736,0,Low
15738224,0.22145815,0,Low
15626898,0.22137126,0,Low
15756680,0.22111166,0,Low
15627848,0.22105758,0,Low
15689602,0.22097686,0,Low
15771323,0.22089575,0,Low
15805884,0.22071142,0,Low
15706810,0.2207021,0,Low
15620398,0.22056857,0,Low
15633419,0.2205427,0,Low
15631681,0.22047472,0,Low
15756472,0.22043169,0,Low
15797919,0.22035334,0,Low
15711759,0.22030073,0,Low
15667265,0.22020678,0,Low
15792922,0.22017945,0,Low
15664639,0.22014788,0,Low
15606310,0.22009026,0,Low
15697000,0.22001134,0,Low
15732199,0.21990521,0,Low
15598493,0.21989387,0,Low
15680001,0.21967688,0,Low
15596914,0.21965447,0,Low
15768295,0.219522,0,Low
15789379,0.21937402,0,Low
15803526,0.21935348,0,Low
15801417,0.21932499,0,Low
15714397,0.2192322,0,Low
15713621,0.21908092,0,Low
15783025,0.21904485,0,Low
15635197,0.21903263,0,Low
15795228,0.21876551,0,Low
15653784,0.21874125,0,Low
15687828,0.21871856,0,Low
15626457,0.21866211,0,Low
15605293,0.21861994,0,Low
15590213,0.21858777,0,Low
15669611,0.21849395,0,Low
15622658,0.21846111,0,Low
15584545,0.2184158,0,Low
15654292,0.21822307,0,Low
15674526,0.21820955,0,Low
15737133,0.21811344,0,Low
15733429,0.2180329,0,Low
15613014,0.21781518,0,Low
15810711,0.21776013,0,Low
15666633,0.21771564,0,Low
15685243,0.21766797,0,Low
15757467,0.21764104,0,Low
15771211,0.21759462,0,Low
15701176,0.2175255,0,Low
15660147,0.21744728,0,Low
15599152,0.21710666,0,Low
15779059,0.21709213,0,Low
15770185,0.21697609,0,Low
15675256,0.21690083,0,Low
15652615,0.2168936,0,Low
15685826,0.21687624,0,Low
15806918,0.2168513,0,Low
15672692,0.21683507,0,Low
15805062,0.21675467,0,Low
15591100,0.21665451,0,Low
15711733,0.2165954,0,Low
15729054,0.21645634,0,Low
15597131,0.21644849,0,Low
15746662,0.21636663,0,Low
15655632,0.21634112,0,Low
15781127,0.21624774,0,Low
15635775,0.21616723,0,Low
15605134,0.21608518,0,Low
15605215,0.216061,0,Low
15702741,0.21599229,0,Low
15761886,0.21597676,0,Low
15738042,0.21597496,0,Low
15587913,0.2159186,0,Low
15613337,0.2158874,0,Low
15737961,0.21582876,0,Low
15651389,0.21575582,0,Low
15745621,0.21572079,0,Low
15756070,0.2156519,0,Low
15736717,0.21564877,0,Low
15682547,0.21559194,0,Low
15569178,0.21554749,0,Low
15757434,0.21552669,0,Low
15709780,0.21535578,0,Low
15600174,0.21535347,0,Low
15811236,0.21534137,0,Low
15742210,0.21528737,0,Low
15789014,0.21528731,0,Low
15698167,0.21527342,0,Low
15625395,0.21522231,0,Low
15576077,0.21493258,0,Low
15709135,0.21490294,0,Low
15750839,0.21487913,0,Low
15656840,0.21487667,0,Low
15761692,0.21487235,0,Low
15696826,0.21486557,0,Low
15791842,0.21478935,0,Low
15793042,0.21477161,0,Low
15809830,0.21474302,0,Low
15768006,0.2147383,0,Low
15577913,0.21461377,0,Low
15633260,0.21431102,0,Low
15782569,0.21408501,0,Low
15780654,0.21408004,0,Low
15626135,0.21404606,0,Low
15769346,0.21397042,0,Low
15655952,0.21395607,0,Low
15636872,0.21393119,0,Low
15629617,0.21390277,0,Low
15630580,0.21383014,0,Low
15686538,0.21377827,0,Low
15792077,0.21356788,0,Low
15674149,0.21349269,0,Low
15709368,0.2134091,0,Low
15566467,0.21332435,0,Low
15577478,0.21321227,0,Low
15605665,0.21315657,0,Low
15764072,0.21306735,0,Low
15648898,0.21306211,0,Low
15573971,0.21305914,0,Low
15581551,0.21301867,0,Low
15617934,0.21299985,0,Low
15626114,0.21299703,0,Low
15792627,0.21266249,0,Low
15633612,0.21241727,0,Low
15694859,0.21240841,0,Low
15599535,0.21239473,0,Low
15612627,0.21218112,0,Low
15656426,0.21194582,0,Low
15737169,0.21190584,0,Low
15594502,0.21188876,0,Low
15793856,0.21187694,0,Low
15754012,0.2118614,0,Low
15657812,0.21173356,0,Low
15724632,0.21167241,0,Low
15660840,0.21164262,0,Low
15754874,0.21163724,0,Low
15667971,0.21159999,0,Low
15745012,0.21143574,0,Low
15649136,0.21143574,0,Low
15705707,0.21138407,0,Low
15654760,0.21134105,0,Low
15675949,0.2112661,0,Low
15729117,0.21110827,0,Low
15644934,0.21103315,0,Low
15599386,0.21098177,0,Low
15736302,0.2109316,0,Low
15667462,0.21077442,0,Low
15659962,0.21075256,0,Low
15748034,0.2107172,0,Low
15741195,0.2106724,0,Low
15776985,0.21066196,0,Low
15573741,0.21065986,0,Low
15794323,0.21059139,0,Low
15703117,0.21048655,0,Low
15636562,0.21042581,0,Low
15646756,0.21042205,0,Low
15677324,0.21040986,0,Low
15797686,0.21037523,0,Low
15723216,0.21036398,0,Low
15752193,0.21033391,0,Low
15791925,0.21028633,0,Low
15730137,0.21003933,0,Low
15568469,0.21003814,0,Low
15576517,0.21003647,0,Low
15683524,0.20998657,0,Low
15681115,0.2099255,0,Low
15610419,0.20988621,0,Low
15791304,0.20983468,0,Low
15580935,0.2098157,0,Low
15706170,0.20958155,0,Low
15756875,0.20951194,0,Low
15728608,0.20943418,0,Low
15698816,0.20942754,0,Low
15608760,0.20942278,0,Low
15677871,0.2094062,0,Low
15572792,0.20931596,0,Low
15589348,0.20925872,0,Low
15758031,0.20921405,0,Low
15607753,0.20921263,0,Low
15590268,0.20906138,0,Low
15635459,0.20903666,0,Low
15780925,0.20903596,0,Low
15686917,0.20893902,0,Low
15653037,0.20893043,0,Low
15769312,0.20892818,0,Low
15739046,0.20883684,0,Low
15577598,0.20870228,0,Low
15591932,0.20861547,0,Low
15574122,0.20861436,0,Low
15632069,0.20860977,0,Low
15802501,0.20857094,0,Low
15683560,0.20852175,0,Low
15622833,0.2083487,0,Low
15574480,0.20823967,0,Low
15683562,0.20805806,0,Low
15668629,0.20799941,0,Low
15766741,0.20774338,0,Low
15682576,0.20771527,0,Low
15793723,0.20770293,0,Low
15590676,0.20767394,0,Low
15601172,0.20762907,0,Low
15566543,0.20748864,0,Low
15695383,0.20748864,0,Low
15686611,0.20733075,0,Low
15593501,0.20720643,0,Low
15692002,0.20712225,0,Low
15759317,0.2070486,0,Low
15797389,0.20694022,0,Low
15589257,0.20689213,0,Low
15784097,0.2067948,0,Low
15699963,0.20660777,0,Low
15687094,0.20658536,0,Low
15621021,0.20653282,0,Low
15709511,0.2064706,0,Low
15741728,0.20635442,0,Low
15677764,0.2063367,0,Low
15791030,0.20627452,0,Low
15594556,0.20620266,0,Low
15791535,0.20619921,0,Low
15726250,0.20618357,0,Low
15702566,0.20605995,0,Low
15815560,0.20593263,0,Low
15592707,0.20589247,0,Low
15585427,0.20579578,0,Low
15732903,0.20558536,0,Low
15623196,0.2054866,0,Low
15756820,0.20537959,0,Low
15642248,0.20535177,0,Low
15652948,0.205296,0,Low
15772341,0.20527565,0,Low
15767794,0.20527446,0,Low
15648030,0.2051699,0,Low
15644132,0.20511468,0,Low
15751084,0.20496109,0,Low
15613713,0.20491835,0,Low
15617082,0.20484981,0,Low
15674331,0.20479226,0,Low
15659495,0.20471163,0,Low
15690440,0.20462143,0,Low
15798310,0.20453462,0,Low
15800856,0.20452762,0,Low
15691150,0.20451698,0,Low
15701206,0.20449735,0,Low
15701352,0.20434847,0,Low
15676645,0.20428897,0,Low
15667932,0.204279,0,Low
15748752,0.20425235,0,Low
15700046,0.20414641,0,Low
15575185,0.20397353,0,Low
15656176,0.20395161,0,Low
15716328,0.20371334,0,Low
15731586,0.20357521,0,Low
15619932,0.20353605,0,Low
15566958,0.20346639,0,Low
15685346,0.20333973,0,Low
15804295,0.20323315,0,Low
15809817,0.20320745,0,Low
15650322,0.20317255,0,Low
15777639,0.20316653,0,Low
15581323,0.20315059,0,Low
15569626,0.20314442,0,Low
15732268,0.20303087,0,Low
15592531,0.20298252,0,Low
15726776,0.20292984,0,Low
15771222,0.20284061,0,Low
15719809,0.20279428,0,Low
15629002,0.2027367,0,Low
15649112,0.20273061,0,Low
15737910,0.20263016,0,Low
15619616,0.20258713,0,Low
15774696,0.20252709,0,Low
15764537,0.20240548,0,Low
15689671,0.20227529,0,Low
15605531,0.20223907,0,Low
15623478,0.2022203,0,Low
15738448,0.20221663,0,Low
15747542,0.20206578,0,Low
15631170,0.20203434,0,Low
15631868,0.20201756,0,Low
15691323,0.20193979,0,Low
15635367,0.20193245,0,Low
15591279,0.20191017,0,Low
15734005,0.20187922,0,Low
15727198,0.20187315,0,Low
15769915,0.20182168,0,Low
15809872,0.20177445,0,Low
15794468,0.20125577,0,Low
15733032,0.2012049,0,Low
15631848,0.20112267,0,Low
15688157,0.20100431,0,Low
15725737,0.20099412,0,Low
15649858,0.20094734,0,Low
15811947,0.200905,0,Low
15719958,0.2007892,0,Low
15811389,0.20074803,0,Low
15677243,0.20070493,0,Low
15687852,0.20068817,0,Low
15722212,0.20063272,0,Low
15624866,0.20059258,0,Low
15780498,0.20059234,0,Low
15610557,0.20058797,0,Low
15633854,0.20056462,0,Low
15601045,0.20053631,0,Low
15623525,0.20048392,0,Low
15635500,0.20046437,0,Low
15815615,0.20035651,0,Low
15758513,0.20029184,0,Low
15794187,0.20028736,0,Low
15683521,0.20024557,0,Low
15815534,0.20023936,0,Low
15760177,0.20021984,0,Low
15589428,0.20021228,0,Low
15704597,0.20017059,0,Low
15605263,0.20008524,0,Low
15584812,0.20007817,0,Low
15594815,0.20001058,0,Low
15773421,0.20001057,0,Low
15583394,0.19997618,0,Low
15715941,0.19997017,0,Low
15725660,0.19980225,0,Low
15620505,0.19977762,0,Low
15627002,0.19971898,0,Low
15718280,0.19951017,0,Low
15745827,0.19948857,0,Low
15652169,0.19948451,0,Low
15656121,0.19931917,0,Low
15658100,0.19930679,0,Low
15602934,0.19915849,0,Low
15613180,0.19891895,0,Low
15581811,0.19841857,0,Low
15699486,0.19841243,0,Low
15725024,0.19837381,0,Low
15814923,0.19835512,0,Low
15812482,0.19810817,0,Low
15793803,0.19808121,0,Low
15617348,0.1980697,0,Low
15748986,0.19806609,0,Low
15724648,0.19805479,0,Low
15773934,0.19804661,0,Low
15586039,0.1979699,0,Low
15650545,0.19791709,0,Low
15761525,0.19780202,0,Low
15769516,0.19772439,0,Low
15711062,0.1976523,0,Low
15672242,0.19764748,0,Low
15780779,0.19762903,0,Low
15574324,0.19761127,0,Low
15745088,0.19737317,0,Low
15637414,0.19726393,0,Low
15643696,0.19724102,0,Low
15680736,0.1971822,0,Low
15716347,0.19708136,0,Low
15638247,0.19704475,0,Low
15598782,0.19697937,0,Low
15762228,0.1967462,0,Low
15727391,0.19673443,0,Low
15774510,0.19672489,0,Low
15648272,0.19666247,0,Low
15794870,0.19665846,0,Low
15578156,0.19662388,0,Low
15715184,0.19661182,0,Low
15742126,0.1965866,0,Low
15814275,0.19655249,0,Low
15813916,0.19651505,0,Low
15814536,0.19651094,0,Low
15573348,0.1964811,0,Low
15762455,0.19647205,0,Low
15664150,0.19635552,0,Low
15665783,0.19634503,0,Low
15705639,0.19631456,0,Low
15653715,0.1962871,0,Low
15587394,0.1962717,0,Low
15685872,0.19616383,0,Low
15749947,0.19612499,0,Low
15709142,0.19606665,0,Low
15762937,0.19606332,0,Low
15598840,0.19565378,0,Low
15719170,0.19555035,0,Low
15588854,0.19547556,0,Low
15730353,0.19536927,0,Low
15751167,0.1953311,0,Low
15681342,0.19525738,0,Low
15627195,0.19519792,0,Low
15693737,0.19519092,0,Low
15591577,0.19506972,0,Low
15649668,0.19499022,0,Low
15649060,0.19498,0,Low
15671582,0.19496442,0,Low
15762793,0.1949635,0,Low
15738980,0.19491877,0,Low
15662908,0.19490185,0,Low
15751412,0.1948391,0,Low
15806210,0.19483742,0,Low
15798439,0.19481175,0,Low
15808662,0.19480582,0,Low
15700083,0.1947865,0,Low
15659098,0.19477263,0,Low
15624975,0.19474031,0,Low
15578096,0.19473352,0,Low
15669490,0.19468293,0,Low
15675450,0.19456708,0,Low
15622305,0.19455044,0,Low
15720671,0.1945138,0,Low
15671609,0.19450098,0,Low
15587581,0.19450067,0,Low
15702138,0.19449429,0,Low
15695932,0.19444914,0,Low
15653147,0.19435637,0,Low
15637169,0.19432656,0,Low
15814209,0.19424072,0,Low
15647890,0.19400086,0,Low
15645269,0.19390464,0,Low
15776467,0.19385728,0,Low
15784700,0.19384353,0,Low
15625445,0.19379571,0,Low
15694192,0.19375251,0,Low
15630709,0.19372857,0,Low
15642636,0.19364181,0,Low
15622083,0.19363303,0,Low
15670859,0.19359569,0,Low
15643752,0.19356476,0,Low
15612729,0.19350855,0,Low
15598097,0.1934885,0,Low
15699238,0.19346458,0,Low
15736154,0.19334736,0,Low
15746065,0.19331546,0,Low
15758013,0.1932968,0,Low
15664802,0.19315326,0,Low
15588839,0.19312243,0,Low
15717498,0.19308896,0,Low
15662021,0.19308636,0,Low
15631709,0.19308133,0,Low
15726695,0.19301839,0,Low
15691823,0.19300783,0,Low
15738546,0.192972,0,Low
15695872,0.19296244,0,Low
15608328,0.19292516,0,Low
15569266,0.19271234,0,Low
15579559,0.19264443,0,Low
15668104,0.19246058,0,Low
15630113,0.19245604,0,Low
15686219,0.19243506,0,Low
15688128,0.19239047,0,Low
15786170,0.19232851,0,Low
15652192,0.19228862,0,Low
15767908,0.19225064,0,Low
15634606,0.19222793,0,Low
15763065,0.19215554,0,Low
15704315,0.19214846,0,Low
15608166,0.19214298,0,Low
15689692,0.19202116,0,Low
15644501,0.19197005,0,Low
15705352,0.19189967,0,Low
15697183,0.1918789,0,Low
15618647,0.19157827,0,Low
15788448,0.19156145,0,Low
15760825,0.19149737,0,Low
15729040,0.19121934,0,Low
15658306,0.19114879,0,Low
15592089,0.19114794,0,Low
15774551,0.19112389,0,Low
15644699,0.19112378,0,Low
15587573,0.19109064,0,Low
15813503,0.19105591,0,Low
15688644,0.19104351,0,Low
15777614,0.19097076,0,Low
15769308,0.19085968,0,Low
15784280,0.19081171,0,Low
15631756,0.19077006,0,Low
15801920,0.19060385,0,Low
15663888,0.19058777,0,Low
15717898,0.1904774,0,Low
15658589,0.1904395,0,Low
15728352,0.19041139,0,Low
15772601,0.19027172,0,Low
15615032,0.19018532,0,Low
15677435,0.19006132,0,Low
15747808,0.19005881,0,Low
15606836,0.19003807,0,Low
15587735,0.19003594,0,Low
15695129,0.190014,0,Low
15592025,0.18999445,0,Low
15778915,0.18998452,0,Low
15567339,0.18997584,0,Low
15619898,0.18989302,0,Low
15627251,0.18970726,0,Low
15691840,0.18968302,0,Low
15767804,0.18954729,0,Low
15650924,0.18948415,0,Low
15780870,0.1894082,0,Low
15617866,0.18937618,0,Low
15664734,0.18937358,0,Low
15641114,0.18930253,0,Low
15689425,0.18929918,0,Low
15751175,0.18925922,0,Low
15602500,0.18924202,0,Low
15716501,0.18923078,0,Low
15783526,0.18910751,0,Low
15660833,0.1890703,0,Low
15803908,0.18905301,0,Low
15577985,0.18904664,0,Low
15696047,0.18899293,0,Low
15732832,0.18890655,0,Low
15599131,0.18884675,0,Low
15815660,0.18882412,0,Low
15686999,0.18881929,0,Low
15761477,0.18863305,0,Low
15799710,0.18862805,0,Low
15575492,0.18850833,0,Low
15615140,0.18849164,0,Low
15620000,0.18833789,0,Low
15571940,0.18833525,0,Low
15580493,0.18827428,0,Low
15581370,0.18826066,0,Low
15636590,0.1882073,0,Low
15743051,0.1881909,0,Low
15599533,0.18814132,0,Low
15689517,0.18802108,0,Low
15573152,0.18800887,0,Low
15633108,0.18800798,0,Low
15665590,0.18796773,0,Low
15786199,0.18777755,0,Low
15801767,0.18771331,0,Low
15624695,0.1876114,0,Low
15585777,0.18759146,0,Low
15701175,0.18753362,0,Low
15598338,0.18751179,0,Low
15813862,0.18748067,0,Low
15632272,0.18744846,0,Low
15732334,0.18738104,0,Low
15596021,0.18713404,0,Low
15792180,0.18709035,0,Low
15794549,0.18676007,0,Low
15708505,0.18670185,0,Low
15715745,0.18663877,0,Low
15594864,0.18656251,0,Low
15709861,0.18653762,0,Low
15808023,0.18640311,0,Low
15752626,0.18634094,0,Low
15773273,0.18627402,0,Low
15731166,0.18614055,0,Low
15789865,0.1860955,0,Low
15662641,0.18609338,0,Low
15638988,0.18599491,0,Low
15769356,0.18597849,0,Low
15797822,0.1859784,0,Low
15700601,0.18589582,0,Low
15567335,0.18583845,0,Low
15678317,0.1858183,0,Low
15570681,0.18579915,0,Low
15660636,0.18577772,0,Low
15748069,0.18576422,0,Low
15767891,0.18565111,0,Low
15637366,0.18563274,0,Low
15750410,0.18557355,0,Low
15722845,0.18555799,0,Low
15697625,0.1855037,0,Low
15589030,0.18549174,0,Low
15812279,0.1854429,0,Low
15734588,0.18521999,0,Low
15615177,0.18518911,0,Low
15632143,0.18515773,0,Low
15686137,0.18515486,0,Low
15713673,0.18514243,0,Low
15763874,0.18510231,0,Low
15744770,0.1851006,0,Low
15666823,0.18504718,0,Low
15585748,0.18503927,0,Low
15691011,0.18496141,0,Low
15585533,0.18487373,0,Low
15713599,0.18485007,0,Low
15747558,0.184802,0,Low
15777893,0.18476833,0,Low
15626628,0.1846514,0,Low
15786739,0.18458346,0,Low
15727696,0.18451251,0,Low
15804864,0.18451098,0,Low
15748625,0.18450603,0,Low
15683213,0.18449815,0,Low
15797194,0.1844886,0,Low
15777855,0.18432459,0,Low
15758775,0.18406692,0,Low
15660211,0.18404345,0,Low
15762392,0.184021,0,Low
15637315,0.18401241,0,Low
15650266,0.18396996,0,Low
15626243,0.18385293,0,Low
15781987,0.1837756,0,Low
15778694,0.18376966,0,Low
15703563,0.18364428,0,Low
15721719,0.1836047,0,Low
15754569,0.1835705,0,Low
15673180,0.18354338,0,Low
15659568,0.18351762,0,Low
15571065,0.18339133,0,Low
15687738,0.18324618,0,Low
15675787,0.18315269,0,Low
15680855,0.18314692,0,Low
15614643,0.18313389,0,Low
15797733,0.1831164,0,Low
15742297,0.18300492,0,Low
15609286,0.18287809,0,Low
15568876,0.18273981,0,Low
15575417,0.18267937,0,Low
15606901,0.18261436,0,Low
15574305,0.18259852,0,Low
15620750,0.18254882,0,Low
15810454,0.1825209,0,Low
15761348,0.18252075,0,Low
15804235,0.18251249,0,Low
15568834,0.18250296,0,Low
15756305,0.18237318,0,Low
15700696,0.1822672,0,Low
15671358,0.1822393,0,Low
15776629,0.1821784,0,Low
15645717,0.1821744,0,Low
15705383,0.18205285,0,Low
15754599,0.1820239,0,Low
15694296,0.18176,0,Low
15806822,0.18174341,0,Low
15699029,0.18170863,0,Low
15783338,0.1816086,0,Low
15591509,0.18152615,0,Low
15689176,0.18150017,0,Low
15705899,0.18149602,0,Low
15728829,0.18147254,0,Low
15685500,0.18138766,0,Low
15779390,0.18135886,0,Low
15736254,0.18105656,0,Low
15640667,0.18099213,0,Low
15643496,0.18097818,0,Low
15699839,0.18097591,0,Low
15586757,0.18096206,0,Low
15687218,0.18092063,0,Low
15697270,0.18079789,0,Low
15709928,0.18078184,0,Low
15684645,0.18077636,0,Low
15673223,0.18075897,0,Low
15807194,0.18074793,0,Low
15804002,0.1807029,0,Low
15690079,0.18069886,0,Low
15690673,0.18053472,0,Low
15775430,0.18045753,0,Low
15689147,0.18043195,0,Low
15617982,0.18043192,0,Low
15673599,0.18043004,0,Low
15657881,0.18035774,0,Low
15724890,0.18029028,0,Low
15701291,0.18025698,0,Low
15613844,0.18017161,0,Low
15592389,0.18004376,0,Low
15636626,0.18003611,0,Low
15739931,0.18001644,0,Low
15655232,0.18001087,0,Low
15667002,0.17992744,0,Low
15591248,0.17987522,0,Low
15650437,0.17975397,0,Low
15696637,0.17966655,0,Low
15694805,0.1796331,0,Low
15706021,0.179618,0,Low
15587690,0.17958939,0,Low
15651020,0.17955582,0,Low
15790336,0.1795326,0,Low
15718944,0.17952313,0,Low
15635939,0.17941326,0,Low
15806134,0.17938904,0,Low
15600379,0.17935184,0,Low
15569451,0.1793233,0,Low
15670039,0.17931981,0,Low
15730448,0.17916714,0,Low
15568487,0.1791163,0,Low
15650454,0.17908496,0,Low
15683276,0.17905536,0,Low
15740164,0.17899592,0,Low
15620577,0.1789909,0,Low
15707634,0.17893524,0,Low
15593014,0.17881534,0,Low
15807167,0.17879228,0,Low
15795564,0.1787492,0,Low
15574372,0.17872061,0,Low
15588235,0.17865476,0,Low
15680167,0.17865393,0,Low
15662403,0.17859958,0,Low
15703482,0.17834875,0,Low
15679668,0.17834295,0,Low
15792726,0.17825256,0,Low
15754267,0.17816351,0,Low
15679283,0.17806014,0,Low
15654222,0.1779774,0,Low
15747980,0.17796941,0,Low
15691952,0.17769256,0,Low
15699450,0.17760614,0,Low
15798605,0.1774227,0,Low
15614491,0.17716734,0,Low
15734886,0.17711158,0,Low
15683195,0.17706983,0,Low
15585768,0.17706218,0,Low
15674368,0.17697652,0,Low
15585734,0.17683369,0,Low
15757865,0.17682794,0,Low
15794204,0.17669338,0,Low
15677141,0.17668627,0,Low
15622182,0.17662,0,Low
15626742,0.1766005,0,Low
15783859,0.1764606,0,Low
15734737,0.17636487,0,Low
15579616,0.17635256,0,Low
15700772,0.1763464,0,Low
15773469,0.1762758,0,Low
15713559,0.17613629,0,Low
15660980,0.17610101,0,Low
15628904,0.17583819,0,Low
15637993,0.17561533,0,Low
15590993,0.17560042,0,Low
15787196,0.1755352,0,Low
15752601,0.17553443,0,Low
15660155,0.1754588,0,Low
15745527,0.17523493,0,Low
15624936,0.17522453,0,Low
15732778,0.17497666,0,Low
15632010,0.17497468,0,Low
15604576,0.17495956,0,Low
15593601,0.17491268,0,Low
15729083,0.17484318,0,Low
15580134,0.17476127,0,Low
15595010,0.17472768,0,Low
15612769,0.17467828,0,Low
15638788,0.17461923,0,Low
15795963,0.17455563,0,Low
15714883,0.17453797,0,Low
15776824,0.17442502,0,Low
15663421,0.17440262,0,Low
15796351,0.1743749,0,Low
15726153,0.1743234,0,Low
15717643,0.17420557,0,Low
15800412,0.17418519,0,Low
15627630,0.1740449,0,Low
15643392,0.17398949,0,Low
15594409,0.17380182,0,Low
15741633,0.1738018,0,Low
15571873,0.17373672,0,Low
15625641,0.1737285,0,Low
15672598,0.17372064,0,Low
15612358,0.17365384,0,Low
15634564,0.17346743,0,Low
15796167,0.17344952,0,Low
15615670,0.17333558,0,Low
15724543,0.17333272,0,Low
15751926,0.1733209,0,Low
15623744,0.17329036,0,Low
15626385,0.17323788,0,Low
15626040,0.17322433,0,Low
15733661,0.17321336,0,Low
15614137,0.17318317,0,Low
15572956,0.1731172,0,Low
15780746,0.17310938,0,Low
15788659,0.1729962,0,Low
15763381,0.17296655,0,Low
15638028,0.17294514,0,Low
15757521,0.17285821,0,Low
15727138,0.17281894,0,Low
15630321,0.17268734,0,Low
15767391,0.17264204,0,Low
15610753,0.17263895,0,Low
15667321,0.17263113,0,Low
15803886,0.17257032,0,Low
15769955,0.17252791,0,Low
15602030,0.17246678,0,Low
15734765,0.1721078,0,Low
15682021,0.17192702,0,Low
15763662,0.1718856,0,Low
15588535,0.17186478,0,Low
15602811,0.17177728,0,Low
15718921,0.17158656,0,Low
15643903,0.17158298,0,Low
15670822,0.17157139,0,Low
15577700,0.17152396,0,Low
15665678,0.1714402,0,Low
15670481,0.17143352,0,Low
15813640,0.17117365,0,Low
15747772,0.17114264,0,Low
15758171,0.17105676,0,Low
15786433,0.17102376,0,Low
15726796,0.17101423,0,Low
15734161,0.1709483,0,Low
15776433,0.17082173,0,Low
15714789,0.17075646,0,Low
15812470,0.17072724,0,Low
15657228,0.17066054,0,Low
15634591,0.17064527,0,Low
15572021,0.17057514,0,Low
15732563,0.17043592,0,Low
15729763,0.17042804,0,Low
15608226,0.17028634,0,Low
15707441,0.16994825,0,Low
15609545,0.169943,0,Low
15700383,0.16993767,0,Low
15812750,0.16991691,0,Low
15796834,0.16978112,0,Low
15787848,0.1697738,0,Low
15789484,0.1697067,0,Low
15645815,0.1696464,0,Low
15766887,0.16956463,0,Low
15805523,0.16952285,0,Low
15588928,0.16951716,0,Low
15749345,0.16950157,0,Low
15676353,0.16949075,0,Low
15618661,0.16948083,0,Low
15655171,0.16936946,0,Low
15622801,0.16933313,0,Low
15642137,0.16931504,0,Low
15682955,0.16928317,0,Low
15703923,0.16923016,0,Low
15618363,0.1690332,0,Low
15624623,0.16902944,0,Low
15800326,0.16895527,0,Low
15809124,0.16894017,0,Low
15639669,0.16890775,0,Low
15761733,0.16888824,0,Low
15622578,0.16865331,0,Low
15583221,0.16839233,0,Low
15762138,0.16803719,0,Low
15799653,0.16799769,0,Low
15617991,0.16791585,0,Low
15617790,0.16779526,0,Low
15670755,0.16769713,0,Low
15646936,0.16768917,0,Low
15639665,0.16759217,0,Low
15753831,0.16755457,0,Low
15710404,0.1675461,0,Low
15693131,0.16749695,0,Low
15656726,0.16748445,0,Low
15770631,0.16746455,0,Low
15777759,0.1674471,0,Low
15666012,0.16741772,0,Low
15731751,0.16735935,0,Low
15606435,0.16731863,0,Low
15800814,0.16730136,0,Low
15566295,0.1671856,0,Low
15701972,0.1671649,0,Low
15624667,0.16711852,0,Low
15785980,0.16711289,0,Low
15698028,0.1670331,0,Low
15699195,0.16691422,0,Low
15626485,0.16681306,0,Low
15656901,0.16678861,0,Low
15701962,0.16675751,0,Low
15647782,0.1667382,0,Low
15733111,0.16649035,0,Low
15722583,0.16631706,0,Low
15621244,0.1662896,0,Low
15706602,0.16616432,0,Low
15766064,0.16606341,0,Low
15736397,0.16605349,0,Low
15685300,0.16601065,0,Low
15732704,0.16593847,0,Low
15731989,0.16592953,0,Low
15583499,0.16582969,0,Low
15754820,0.16575518,0,Low
15804211,0.16564421,0,Low
15642515,0.1655053,0,Low
15725076,0.16546635,0,Low
15622454,0.1654587,0,Low
15686957,0.16533352,0,Low
15779744,0.1652468,0,Low
15604544,0.16524556,0,Low
15754713,0.16521527,0,Low
15625126,0.16511819,0,Low
15763055,0.16508706,0,Low
15738150,0.16504662,0,Low
15763980,0.1650109,0,Low
15736043,0.16499287,0,Low
15811589,0.16498931,0,Low
15785920,0.16494946,0,Low
15701354,0.16476372,0,Low
15658195,0.16475739,0,Low
15783955,0.16456872,0,Low
15667632,0.16454677,0,Low
15709523,0.16442919,0,Low
15716728,0.16438726,0,Low
15707505,0.16438398,0,Low
15772604,0.16430552,0,Low
15632324,0.1643034,0,Low
15656300,0.16424389,0,Low
15674620,0.16422962,0,Low
15712772,0.16419299,0,Low
15814553,0.16416864,0,Low
15754112,0.16409156,0,Low
15714689,0.1640712,0,Low
15600781,0.16405305,0,Low
15670889,0.16405019,0,Low
15609643,0.16387421,0,Low
15705458,0.16383877,0,Low
15630551,0.16379929,0,Low
15805676,0.16370226,0,Low
15684267,0.16367278,0,Low
15798960,0.16363518,0,Low
15659428,0.16362521,0,Low
15701765,0.16353524,0,Low
15808905,0.16349797,0,Low
15593241,0.16341652,0,Low
15642448,0.16337274,0,Low
15808017,0.16336721,0,Low
15600688,0.16335087,0,Low
15796343,0.16328463,0,Low
15671915,0.16316316,0,Low
15707681,0.1631371,0,Low
15616700,0.16313672,0,Low
15790659,0.16309549,0,Low
15706217,0.16302265,0,Low
15625494,0.16301511,0,Low
15759298,0.16283713,0,Low
15814032,0.16283089,0,Low
15749130,0.1627791,0,Low
15698442,0.16272406,0,Low
15773852,0.16271248,0,Low
15596060,0.16266046,0,Low
15646615,0.16261816,0,Low
15579189,0.16260207,0,Low
15768449,0.16259864,0,Low
15642725,0.16258992,0,Low
15706464,0.16257186,0,Low
15742504,0.16254292,0,Low
15627637,0.16247587,0,Low
15694125,0.16237198,0,Low
15651943,0.16235146,0,Low
15606849,0.16233069,0,Low
15675791,0.16229479,0,Low
15581237,0.1622829,0,Low
15810660,0.16212142,0,Low
15767414,0.16195057,0,Low
15569222,0.16189191,0,Low
15614049,0.16186126,0,Low
15606274,0.16183394,0,Low
15795298,0.16173792,0,Low
15660688,0.16163665,0,Low
15775082,0.16146465,0,Low
15758750,0.16143414,0,Low
15648858,0.16137993,0,Low
15793813,0.16137117,0,Low
15576162,0.16133143,0,Low
15784092,0.16125381,0,Low
15592994,0.16117094,0,Low
15778884,0.16114752,0,Low
15730639,0.16106285,0,Low
15698872,0.16096966,0,Low
15722533,0.16093491,0,Low
15750264,0.16074936,0,Low
15720745,0.16073726,0,Low
15672826,0.16056354,0,Low
15567557,0.1604442,0,Low
15755416,0.16043629,0,Low
15665064,0.160232,0,Low
15586914,0.15962619,0,Low
15682618,0.15959142,0,Low
15659234,0.15958436,0,Low
15730796,0.1594883,0,Low
15580953,0.15945822,0,Low
15590078,0.15942588,0,Low
15699430,0.15940696,0,Low
15570086,0.15938553,0,Low
15672145,0.15924849,0,Low
15746258,0.15919212,0,Low
15618213,0.15892327,0,Low
15658360,0.15883148,0,Low
15573854,0.15869111,0,Low
15602909,0.15867974,0,Low
15608968,0.15853998,0,Low
15741554,0.15851513,0,Low
15673529,0.15831836,0,Low
15659475,0.15820873,0,Low
15654372,0.15811951,0,Low
15788676,0.1580734,0,Low
15694518,0.15787485,0,Low
15806447,0.15783097,0,Low
15636105,0.15782852,0,Low
15801699,0.15781747,0,Low
15795690,0.15779789,0,Low
15692718,0.15778895,0,Low
15603246,0.15761647,0,Low
15585241,0.15757939,0,Low
15666453,0.15756276,0,Low
15749528,0.15746647,0,Low
15759717,0.15736428,0,Low
15782100,0.15728761,0,Low
15643361,0.157197,0,Low
15693259,0.1570625,0,Low
15589563,0.15705897,0,Low
15654346,0.1569982,0,Low
15797149,0.15688136,0,Low
15638424,0.1568736,0,Low
15595350,0.15686172,0,Low
15632899,0.15678144,0,Low
15780770,0.15676671,0,Low
15703778,0.15667124,0,Low
15582276,0.15656921,0,Low
15762902,0.15654361,0,Low
15668289,0.15648437,0,Low
15716926,0.15647385,0,Low
15569394,0.1563359,0,Low
15679429,0.15620047,0,Low
15662626,0.15604343,0,Low
15731281,0.15592273,0,Low
15679531,0.1559161,0,Low
15778290,0.15589404,0,Low
15794257,0.15580021,0,Low
15667456,0.15569873,0,Low
15574004,0.15551816,0,Low
15683027,0.15545368,0,Low
15715512,0.15538605,0,Low
15648047,0.15531999,0,Low
15777599,0.15520686,0,Low
15752139,0.15513796,0,Low
15794278,0.15505157,0,Low
15795878,0.1549316,0,Low
15671124,0.15485725,0,Low
15607176,0.15483238,0,Low
15597467,0.15477641,0,Low
15600739,0.15471728,0,Low
15743709,0.15469675,0,Low
15791877,0.15460992,0,Low
15721592,0.15458284,0,Low
15579914,0.15456955,0,Low
15736399,0.1544982,0,Low
15746326,0.1543868,0,Low
15591135,0.1543418,0,Low
15728078,0.15426259,0,Low
15670562,0.1542258,0,Low
15771857,0.15418905,0,Low
15686983,0.15414348,0,Low
15741429,0.15414244,0,Low
15790235,0.15404573,0,Low
15668504,0.1539873,0,Low
15804610,0.15395632,0,Low
15665088,0.15394932,0,Low
15769125,0.15389647,0,Low
15720509,0.15388486,0,Low
15702277,0.15380958,0,Low
15627741,0.15373705,0,Low
15712938,0.1537323,0,Low
15678427,0.15372685,0,Low
15802351,0.15358217,0,Low
15812832,0.1534534,0,Low
15644686,0.15345219,0,Low
15634262,0.15330577,0,Low
15698703,0.15325564,0,Low
15634792,0.15322442,0,Low
15685476,0.1532163,0,Low
15582762,0.15303111,0,Low
15676707,0.1525938,0,Low
15733705,0.15222633,0,Low
15753639,0.15220699,0,Low
15670943,0.15219751,0,Low
15745354,0.15218337,0,Low
15720134,0.15216261,0,Low
15762332,0.15213056,0,Low
15589437,0.15206976,0,Low
15809663,0.15202531,0,Low
15813532,0.15197666,0,Low
15582149,0.15193997,0,Low
15639788,0.15186629,0,Low
15586517,0.15183255,0,Low
15592979,0.15183106,0,Low
15567486,0.15178204,0,Low
15773277,0.15166181,0,Low
15669656,0.15160911,0,Low
15594812,0.1515572,0,Low
15665110,0.15152253,0,Low
15655859,0.15148306,0,Low
15790689,0.15134381,0,Low
15811970,0.15132256,0,Low
15611325,0.15130647,0,Low
15603743,0.15129814,0,Low
15754084,0.15128793,0,Low
15721116,0.1511965,0,Low
15806407,0.15115659,0,Low
15738248,0.15107012,0,Low
15638272,0.1510249,0,Low
15770091,0.15100881,0,Low
15606554,0.15090683,0,Low
15679663,0.15085846,0,Low
15677939,0.1507351,0,Low
15733169,0.15066938,0,Low
15779207,0.1506523,0,Low
15764153,0.15055707,0,Low
15719793,0.15052591,0,Low
15794849,0.15051197,0,Low
15692132,0.15045598,0,Low
15582180,0.15027672,0,Low
15735428,0.1502727,0,Low
15700511,0.15016705,0,Low
15689061,0.1501299,0,Low
15794253,0.15008965,0,Low
15738411,0.14996593,0,Low
15723786,0.14983076,0,Low
15704586,0.14982936,0,Low
15660263,0.14976439,0,Low
15809006,0.14962624,0,Low
15654878,0.14949776,0,Low
15659194,0.14944847,0,Low
15679928,0.14942826,0,Low
15757188,0.14929178,0,Low
15636551,0.14923745,0,Low
15626900,0.14917792,0,Low
15583736,0.14907278,0,Low
15757661,0.1489064,0,Low
15612193,0.14877096,0,Low
15814519,0.14876404,0,Low
15704081,0.1487014,0,Low
15611973,0.14863117,0,Low
15694530,0.14855875,0,Low
15812918,0.1485149,0,Low
15677146,0.14850324,0,Low
15640260,0.14844084,0,Low
15663294,0.14842017,0,Low
15740476,0.14837751,0,Low
15642785,0.14836602,0,Low
15578747,0.1483537,0,Low
15680643,0.14817521,0,Low
15662091,0.14813516,0,Low
15740383,0.1480837,0,Low
15639322,0.1480404,0,Low
15592116,0.14794314,0,Low
15804950,0.14774452,0,Low
15761654,0.14764988,0,Low
15663921,0.14754541,0,Low
15666166,0.14746559,0,Low
15790744,0.14745979,0,Low
15604891,0.14741635,0,Low
15667190,0.14738028,0,Low
15637947,0.14731577,0,Low
15589018,0.14716662,0,Low
15646942,0.1471404,0,Low
15667889,0.14712177,0,Low
15774931,0.14702265,0,Low
15610379,0.14684649,0,Low
15591969,0.14683591,0,Low
15809800,0.14650986,0,Low
15688007,0.14650092,0,Low
15589496,0.14649336,0,Low
15757001,0.14636843,0,Low
15706223,0.1463598,0,Low
15635097,0.14635752,0,Low
15754747,0.14629255,0,Low
15713854,0.14613302,0,Low
15748231,0.14609827,0,Low
15729224,0.14602108,0,Low
15720676,0.14595112,0,Low
15639882,0.14592177,0,Low
15753362,0.14585204,0,Low
15791743,0.1458454,0,Low
15669410,0.14581166,0,Low
15725039,0.14576493,0,Low
15608209,0.14564794,0,Low
15685564,0.14563547,0,Low
15587443,0.14561935,0,Low
15578515,0.14560445,0,Low
15636673,0.14559104,0,Low
15662063,0.14548367,0,Low
15812720,0.1454652,0,Low
15572801,0.14538811,0,Low
15656707,0.14529999,0,Low
15764726,0.14521265,0,Low
15663770,0.14514191,0,Low
15764021,0.14489482,0,Low
15693947,0.14485408,0,Low
15711254,0.14482392,0,Low
15671387,0.14476529,0,Low
15631603,0.14467956,0,Low
15647111,0.1446559,0,Low
15611024,0.14450324,0,Low
15595874,0.1444719,0,Low
15803479,0.14443906,0,Low
15763218,0.14440684,0,Low
15801277,0.14438246,0,Low
15721585,0.1443731,0,Low
15674573,0.14436047,0,Low
15724663,0.14431553,0,Low
15622003,0.14431067,0,Low
15614929,0.14430575,0,Low
15806332,0.14428996,0,Low
15742019,0.14427845,0,Low
15684296,0.14410897,0,Low
15814237,0.14410563,0,Low
15765457,0.14404994,0,Low
15723064,0.1439947,0,Low
15750458,0.14399135,0,Low
15773456,0.14397784,0,Low
15582616,0.14397775,0,Low
15720941,0.1438824,0,Low
15797204,0.1436383,0,Low
15717879,0.14362414,0,Low
15788025,0.14348426,0,Low
15714260,0.14345783,0,Low
15797748,0.14323336,0,Low
15732102,0.14313693,0,Low
15701166,0.14312598,0,Low
15661532,0.14297944,0,Low
15581479,0.14292842,0,Low
15613962,0.14290679,0,Low
15665129,0.1428077,0,Low
15678173,0.1427754,0,Low
15779423,0.14276008,0,Low
15715769,0.14271885,0,Low
15669204,0.1426366,0,Low
15797736,0.14259343,0,Low
15716822,0.14254211,0,Low
15687492,0.14241509,0,Low
15572398,0.14234887,0,Low
15598586,0.14227599,0,Low
15576774,0.14221266,0,Low
15629150,0.14214167,0,Low
15595766,0.14211772,0,Low
15767821,0.14203404,0,Low
15681506,0.14201294,0,Low
15631072,0.14191313,0,Low
15700813,0.14187068,0,Low
15621093,0.1418317,0,Low
15725311,0.14183088,0,Low
15705620,0.14161292,0,Low
15680901,0.14160514,0,Low
15754919,0.14159103,0,Low
15574608,0.14158286,0,Low
15635143,0.14154269,0,Low
15613734,0.1415329,0,Low
15737404,0.14137183,0,Low
15807989,0.14129668,0,Low
15709487,0.14126705,0,Low
15729599,0.14101091,0,Low
15590199,0.14092569,0,Low
15607786,0.14085026,0,Low
15619801,0.1408248,0,Low
15730735,0.14080802,0,Low
15803790,0.14077266,0,Low
15624850,0.14076476,0,Low
15665879,0.14068288,0,Low
15720110,0.14057921,0,Low
15803406,0.14056888,0,Low
15795881,0.14055449,0,Low
15609187,0.14051662,0,Low
15801473,0.14046411,0,Low
15597983,0.14031224,0,Low
15712409,0.14029674,0,Low
15765093,0.14028655,0,Low
15735106,0.14025709,0,Low
15612418,0.14008325,0,Low
15589881,0.14001475,0,Low
15752137,0.1399486,0,Low
15603683,0.13994828,0,Low
15708422,0.13985813,0,Low
15789498,0.13964163,0,Low
15735849,0.1396091,0,Low
15775826,0.13959071,0,Low
15595067,0.13955995,0,Low
15760450,0.1394681,0,Low
15736371,0.13946341,0,Low
15684348,0.13941553,0,Low
15768945,0.13911334,0,Low
15634180,0.13908488,0,Low
15762048,0.138967,0,Low
15704771,0.13893248,0,Low
15762218,0.13882472,0,Low
15624528,0.13882035,0,Low
15727291,0.13872921,0,Low
15800251,0.1386984,0,Low
15603328,0.13869734,0,Low
15638751,0.13867693,0,Low
15753955,0.13837148,0,Low
15708608,0.13831429,0,Low
15759456,0.13828325,0,Low
15697597,0.1381804,0,Low
15659937,0.13817863,0,Low
15650098,0.13812855,0,Low
15656249,0.13802734,0,Low
15667216,0.137999,0,Low
15758039,0.13787153,0,Low
15757897,0.13785428,0,Low
15782475,0.1378362,0,Low
15589975,0.13780315,0,Low
15729956,0.13761927,0,Low
15627262,0.13761748,0,Low
15764654,0.13755658,0,Low
15610226,0.13745677,0,Low
15724099,0.13745165,0,Low
15671148,0.13744096,0,Low
15709354,0.13743928,0,Low
15740043,0.13728929,0,Low
15801062,0.13717699,0,Low
15645569,0.13717231,0,Low
15686588,0.1371351,0,Low
15813444,0.13711251,0,Low
15627385,0.13711022,0,Low
15802256,0.13702706,0,Low
15748595,0.13700333,0,Low
15623668,0.13691907,0,Low
15623102,0.13681428,0,Low
15747677,0.13679166,0,Low
15578738,0.13677746,0,Low
15574584,0.13675523,0,Low
15578307,0.13672313,0,Low
15672905,0.13658398,0,Low
15793424,0.13656804,0,Low
15574142,0.13656178,0,Low
15682914,0.13655582,0,Low
15570970,0.13653968,0,Low
15768282,0.13647261,0,Low
15640377,0.13647197,0,Low
15702145,0.13646013,0,Low
15725478,0.13631657,0,Low
15630920,0.13624023,0,Low
15748856,0.13606912,0,Low
15607827,0.13605383,0,Low
15640491,0.13602003,0,Low
15768455,0.13561943,0,Low
15675328,0.1355744,0,Low
15662955,0.13556568,0,Low
15683157,0.13547653,0,Low
15677550,0.1354643,0,Low
15677908,0.13545269,0,Low
15714431,0.13545083,0,Low
15599251,0.13545033,0,Low
15738954,0.13534413,0,Low
15814998,0.13531978,0,Low
15680405,0.13524748,0,Low
15674671,0.13522923,0,Low
15658339,0.13520296,0,Low
15572626,0.13512275,0,Low
15696552,0.13503908,0,Low
15570629,0.13497803,0,Low
15593959,0.13492036,0,Low
15665177,0.13484408,0,Low
15803078,0.1347952,0,Low
15612615,0.13479032,0,Low
15809248,0.13473351,0,Low
15626044,0.13472116,0,Low
15720820,0.13466448,0,Low
15581525,0.13462178,0,Low
15672966,0.13458055,0,Low
15609458,0.13457908,0,Low
15612109,0.13408582,0,Low
15650244,0.13404198,0,Low
15646784,0.13402423,0,Low
15774164,0.13397405,0,Low
15678626,0.13394268,0,Low
15693200,0.13390899,0,Low
15704144,0.13387741,0,Low
15634375,0.13373755,0,Low
15688498,0.13373229,0,Low
15577905,0.13366087,0,Low
15597591,0.1334831,0,Low
15681439,0.1334607,0,Low
15719779,0.13344322,0,Low
15703588,0.13341561,0,Low
15682435,0.13339318,0,Low
15623072,0.13334231,0,Low
15812917,0.13322641,0,Low
15625905,0.13321714,0,Low
15717225,0.13310371,0,Low
15713160,0.13291684,0,Low
15738936,0.13287745,0,Low
15781505,0.13275766,0,Low
15702175,0.13267714,0,Low
15765806,0.13254695,0,Low
15590623,0.13247658,0,Low
15700353,0.13240461,0,Low
15646310,0.13231651,0,Low
15779052,0.13229759,0,Low
15811877,0.13228087,0,Low
15797113,0.13226986,0,Low
15750874,0.1320422,0,Low
15622585,0.13200082,0,Low
15756918,0.13199094,0,Low
15617877,0.1319586,0,Low
15634218,0.13179158,0,Low
15607485,0.13173257,0,Low
15693233,0.1315762,0,Low
15629793,0.13156033,0,Low
15761024,0.13152306,0,Low
15697460,0.13148512,0,Low
15710450,0.13147433,0,Low
15714256,0.13129403,0,Low
15701885,0.13127515,0,Low
15720968,0.13115266,0,Low
15567919,0.13106099,0,Low
15588406,0.13095273,0,Low
15750921,0.13093257,0,Low
15634896,0.1309149,0,Low
15718588,0.13089478,0,Low
15661656,0.13089153,0,Low
15600997,0.13082322,0,Low
15665460,0.13079537,0,Low
15762172,0.13065241,0,Low
15814267,0.13052046,0,Low
15726186,0.13038124,0,Low
15591360,0.130364,0,Low
15662533,0.13032444,0,Low
15589924,0.13024388,0,Low
15717706,0.13012113,0,Low
15658670,0.13002191,0,Low
15672115,0.12995005,0,Low
15621353,0.12973519,0,Low
15676810,0.12973018,0,Low
15696564,0.12970579,0,Low
15672299,0.12953487,0,Low
15632551,0.12948197,0,Low
15603925,0.12939562,0,Low
15809509,0.12937382,0,Low
15631721,0.12923756,0,Low
15611544,0.12910417,0,Low
15776558,0.12906665,0,Low
15748673,0.12906474,0,Low
15765643,0.12895992,0,Low
15762198,0.128922,0,Low
15692235,0.12888071,0,Low
15679804,0.12884553,0,Low
15746338,0.12884216,0,Low
15766906,0.1288394,0,Low
15578462,0.1285805,0,Low
15763665,0.12855724,0,Low
15570947,0.12843207,0,Low
15624451,0.12842189,0,Low
15783882,0.12841727,0,Low
15794236,0.12835151,0,Low
15780954,0.12832168,0,Low
15703143,0.12828514,0,Low
15585388,0.12822846,0,Low
15706186,0.12821679,0,Low
15641490,0.128076,0,Low
15631460,0.12807359,0,Low
15769402,0.12801869,0,Low
15786308,0.12801826,0,Low
15663942,0.12795746,0,Low
15660735,0.12786262,0,Low
15595588,0.12784882,0,Low
15791342,0.12784603,0,Low
15715394,0.1278419,0,Low
15750755,0.12777667,0,Low
15727311,0.12767278,0,Low
15628144,0.12766844,0,Low
15800806,0.12765096,0,Low
15630413,0.12754929,0,Low
15574296,0.12742414,0,Low
15668886,0.12728749,0,Low
15718153,0.12726706,0,Low
15716835,0.1272661,0,Low
15635256,0.12719664,0,Low
15615444,0.12717363,0,Low
15666200,0.127073,0,Low
15618182,0.12702034,0,Low
15800228,0.1270042,0,Low
15792489,0.12698597,0,Low
15694879,0.1269783,0,Low
15794939,0.126904,0,Low
15744529,0.1268964,0,Low
15669175,0.1268587,0,Low
15639252,0.1267268,0,Low
15699830,0.12669139,0,Low
15670702,0.12667564,0,Low
15716186,0.12663193,0,Low
15684512,0.12661712,0,Low
15789874,0.12654923,0,Low
15617507,0.12653118,0,Low
15635531,0.126447,0,Low
15605965,0.12641883,0,Low
15781710,0.12639411,0,Low
15610594,0.12637243,0,Low
15713983,0.12627728,0,Low
15574167,0.12621443,0,Low
15671014,0.12619299,0,Low
15797502,0.12587866,0,Low
15664035,0.12583515,0,Low
15813844,0.12581415,0,Low
15645600,0.12572618,0,Low
15770525,0.12564528,0,Low
15769499,0.12554684,0,Low
15786389,0.12544236,0,Low
15566380,0.12540835,0,Low
15568506,0.12537704,0,Low
15693381,0.12523244,0,Low
15696175,0.12513426,0,Low
15786014,0.12509236,0,Low
15717629,0.12506941,0,Low
15589221,0.12499529,0,Low
15586029,0.12496441,0,Low
15568240,0.12487063,0,Low
15674750,0.12485717,0,Low
15792151,0.12484363,0,Low
15807294,0.12450761,0,Low
15704681,0.124492005,0,Low
15618926,0.12436069,0,Low
15682472,0.124284364,0,Low
15682834,0.12414599,0,Low
15682686,0.12413723,0,Low
15719898,0.12412045,0,Low
15776404,0.12411751,0,Low
15696231,0.12411369,0,Low
15629744,0.124110974,0,Low
15714874,0.123985074,0,Low
15594039,0.123963736,0,Low
15615931,0.12389532,0,Low
15754072,0.1238273,0,Low
15604482,0.12375074,0,Low
15599660,0.12371025,0,Low
15756471,0.12367672,0,Low
15628279,0.123674706,0,Low
15765902,0.12363662,0,Low
15605835,0.12363377,0,Low
15696703,0.12361633,0,Low
15636478,0.12355256,0,Low
15707110,0.12341308,0,Low
15756901,0.12340722,0,Low
15796434,0.12340494,0,Low
15723989,0.12329266,0,Low
15622117,0.123220675,0,Low
15718531,0.1231735,0,Low
15621685,0.123124324,0,Low
15579994,0.12309789,0,Low
15568953,0.1230643,0,Low
15591386,0.12295673,0,Low
15701376,0.12291927,0,Low
15801548,0.12282036,0,Low
15732674,0.12279795,0,Low
15636595,0.12274478,0,Low
15778157,0.122562975,0,Low
15625584,0.12254722,0,Low
15772618,0.12249117,0,Low
15583462,0.12248087,0,Low
15793641,0.12242389,0,Low
15632439,0.122242644,0,Low
15579892,0.122135,0,Low
15574947,0.1221217,0,Low
15627000,0.121877246,0,Low
15588566,0.12181762,0,Low
15745232,0.12173878,0,Low
15777994,0.12171837,0,Low
15696539,0.12155641,0,Low
15597945,0.12153649,0,Low
15602554,0.12152019,0,Low
15719541,0.121287495,0,Low
15726267,0.121188864,0,Low
15811742,0.12118805,0,Low
15801605,0.121022224,0,Low
15756668,0.12094341,0,Low
15697879,0.12093821,0,Low
15648367,0.12085194,0,Low
15723658,0.12078894,0,Low
15657085,0.12078761,0,Low
15796505,0.12069449,0,Low
15754605,0.12057432,0,Low
15604158,0.12051916,0,Low
15745030,0.12050857,0,Low
15760550,0.12044325,0,Low
15812647,0.12038503,0,Low
15643215,0.12034853,0,Low
15767594,0.12024215,0,Low
15750299,0.12016474,0,Low
15753215,0.12011936,0,Low
15778589,0.120075814,0,Low
15685805,0.1199503,0,Low
15706637,0.11989514,0,Low
15653315,0.11982441,0,Low
15810944,0.11977401,0,Low
15781347,0.11977287,0,Low
15784301,0.11975547,0,Low
15792607,0.119736366,0,Low
15586183,0.119614705,0,Low
15777708,0.11961214,0,Low
15720083,0.11958709,0,Low
15663478,0.11956562,0,Low
15744127,0.119367726,0,Low
15671789,0.11935941,0,Low
15695174,0.11935798,0,Low
15598510,0.119334266,0,Low
15588701,0.11917673,0,Low
15745001,0.11907396,0,Low
15607560,0.11906321,0,Low
15640865,0.11903363,0,Low
15751549,0.11890129,0,Low
15777826,0.11888505,0,Low
15577398,0.11882931,0,Low
15669945,0.1187568,0,Low
15706706,0.118714035,0,Low
15726588,0.11869469,0,Low
15774744,0.11868771,0,Low
15689168,0.11854344,0,Low
15569423,0.118540555,0,Low
15713346,0.11843793,0,Low
15717700,0.11830837,0,Low
15703399,0.11830668,0,Low
15684722,0.118225686,0,Low
15796231,0.1181625,0,Low
15800233,0.11809424,0,Low
15771535,0.118084796,0,Low
15744105,0.11807663,0,Low
15801863,0.11798131,0,Low
15725509,0.1179796,0,Low
15749964,0.11791072,0,Low
15716324,0.11787162,0,Low
15801414,0.11780069,0,Low
15787174,0.11777869,0,Low
15778959,0.11761186,0,Low
15613172,0.117608026,0,Low
15766667,0.11756231,0,Low
15667633,0.117443055,0,Low
15634267,0.11742593,0,Low
15636396,0.11740747,0,Low
15623062,0.11738968,0,Low
15611171,0.11733172,0,Low
15770539,0.11732117,0,Low
15689492,0.11729689,0,Low
15601796,0.11708413,0,Low
15634628,0.11692551,0,Low
15745196,0.11689193,0,Low
15698619,0.116735324,0,Low
15721504,0.11673139,0,Low
15705735,0.11659142,0,Low
15752047,0.11653652,0,Low
15664214,0.11650006,0,Low
15596713,0.11645181,0,Low
15651450,0.1164249,0,Low
15679642,0.11626311,0,Low
15803378,0.11625328,0,Low
15734628,0.116207644,0,Low
15567802,0.11620195,0,Low
15739068,0.11614098,0,Low
15694395,0.11611255,0,Low
15610653,0.11604592,0,Low
15576723,0.11603197,0,Low
15694272,0.11599128,0,Low
15716284,0.11592782,0,Low
15605968,0.11587059,0,Low
15735719,0.115862526,0,Low
15628999,0.115826115,0,Low
15627439,0.11566185,0,Low
15709639,0.11565417,0,Low
15763798,0.11560748,0,Low
15801462,0.1154333,0,Low
15634491,0.11532219,0,Low
15761141,0.11524791,0,Low
15661708,0.11523226,0,Low
15633064,0.11520383,0,Low
15807457,0.11520345,0,Low
15605455,0.11517687,0,Low
15576304,0.11513861,0,Low
15592854,0.115058705,0,Low
15740411,0.114986986,0,Low
15640917,0.11495899,0,Low
15716024,0.114883155,0,Low
15775108,0.11484843,0,Low
15810910,0.114819504,0,Low
15805151,0.1147965,0,Low
15631927,0.11464982,0,Low
15768120,0.11454161,0,Low
15723856,0.11443283,0,Low
15620832,0.114381954,0,Low
15635240,0.114362374,0,Low
15618566,0.11435935,0,Low
15584190,0.11427769,0,Low
15675316,0.11414364,0,Low
15763922,0.11402327,0,Low
15676909,0.113974065,0,Low
15570360,0.113786764,0,Low
15709737,0.11362862,0,Low
15720463,0.11355492,0,Low
15733444,0.1135537,0,Low
15630857,0.1133706,0,Low
15692991,0.113368884,0,Low
15633531,0.11328393,0,Low
15697678,0.11328152,0,Low
15696900,0.11327031,0,Low
15724428,0.11315122,0,Low
15714057,0.1130835,0,Low
15572390,0.11296795,0,Low
15724127,0.112818256,0,Low
15756071,0.11266069,0,Low
15773731,0.11265487,0,Low
15659820,0.112632126,0,Low
15766183,0.112503484,0,Low
15754113,0.11249494,0,Low
15624611,0.11247766,0,Low
15652674,0.11237015,0,Low
15660101,0.11231053,0,Low
15773809,0.11228794,0,Low
15800517,0.11219756,0,Low
15794479,0.11217169,0,Low
15567078,0.11212539,0,Low
15706764,0.112102926,0,Low
15650864,0.11198771,0,Low
15613471,0.111975715,0,Low
15774536,0.1119573,0,Low
15598883,0.1118027,0,Low
15704483,0.11177841,0,Low
15625632,0.111690894,0,Low
15808334,0.11165888,0,Low
15574783,0.11161036,0,Low
15625904,0.111603945,0,Low
15758482,0.111452915,0,Low
15800620,0.11142435,0,Low
15638803,0.111352205,0,Low
15571689,0.11132978,0,Low
15713890,0.11123209,0,Low
15627854,0.11108143,0,Low
15649078,0.11097172,0,Low
15702014,0.11074256,0,Low
15568519,0.11071437,0,Low
15658211,0.11069775,0,Low
15690337,0.11069628,0,Low
15629787,0.11067017,0,Low
15575883,0.110619806,0,Low
15687719,0.110499695,0,Low
15704746,0.11041489,0,Low
15574886,0.11040763,0,Low
15746028,0.11034009,0,Low
15703019,0.110207155,0,Low
15607230,0.11016969,0,Low
15810167,0.11008789,0,Low
15738018,0.109950244,0,Low
15801630,0.10978325,0,Low
15648461,0.10977074,0,Low
15693088,0.109712474,0,Low
15631739,0.109652326,0,Low
15803352,0.10963692,0,Low
15641732,0.109600335,0,Low
15697546,0.109588884,0,Low
15701412,0.109580785,0,Low
15662532,0.10957925,0,Low
15656717,0.10945205,0,Low
15571281,0.109442,0,Low
15731246,0.10943688,0,Low
15722473,0.109213404,0,Low
15747647,0.109086126,0,Low
15604963,0.10907772,0,Low
15684198,0.10902402,0,Low
15763431,0.10902351,0,Low
15604551,0.10900704,0,Low
15567246,0.10898183,0,Low
15758836,0.10891825,0,Low
15753213,0.108793914,0,Low
15779174,0.10877186,0,Low
15771154,0.10876389,0,Low
15805212,0.10867876,0,Low
15728823,0.10865796,0,Low
15761717,0.108617336,0,Low
15739692,0.10856979,0,Low
15760244,0.10852065,0,Low
15640953,0.108474776,0,Low
15729689,0.10845558,0,Low
15576760,0.10843792,0,Low
15611644,0.108384706,0,Low
15780140,0.10833906,0,Low
15711396,0.1083202,0,Low
15597885,0.10822409,0,Low
15756850,0.108219236,0,Low
15702464,0.10813049,0,Low
15726058,0.108088695,0,Low
15581526,0.10799119,0,Low
15593683,0.10793728,0,Low
15667651,0.1078643,0,Low
15809906,0.10786109,0,Low
15593897,0.107790835,0,Low
15751788,0.107751325,0,Low
15791501,0.107569516,0,Low
15652401,0.10756766,0,Low
15674000,0.10754665,0,Low
15634815,0.10749206,0,Low
15597957,0.107436195,0,Low
15640280,0.10742449,0,Low
15636589,0.107413195,0,Low
15780846,0.107374966,0,Low
15687413,0.10735049,0,Low
15651740,0.107342534,0,Low
15783589,0.107339,0,Low
15740428,0.10732493,0,Low
15768270,0.107296064,0,Low
15789714,0.10728046,0,Low
15710408,0.10726738,0,Low
15742028,0.107246585,0,Low
15616380,0.1071882,0,Low
15684921,0.10717246,0,Low
15641629,0.10708001,0,Low
15585036,0.10707025,0,Low
15759555,0.1069633,0,Low
15659149,0.10685519,0,Low
15734312,0.106771946,0,Low
15585907,0.10673148,0,Low
15736963,0.10667364,0,Low
15744606,0.10652998,0,Low
15665521,0.10647218,0,Low
15712264,0.10642099,0,Low
15764927,0.10633695,0,Low
15611329,0.106265396,0,Low
15767793,0.106260344,0,Low
15674868,0.10620884,0,Low
15788118,0.10615015,0,Low
15813144,0.10611559,0,Low
15767921,0.10609805,0,Low
15805463,0.10609415,0,Low
15815097,0.10608395,0,Low
15638730,0.10607447,0,Low
15782531,0.10606867,0,Low
15747014,0.10601741,0,Low
15640133,0.10600609,0,Low
15785488,0.106002845,0,Low
15676521,0.10598384,0,Low
15702190,0.105964236,0,Low
15613197,0.10588721,0,Low
15739857,0.1058164,0,Low
15720353,0.105750546,0,Low
15582259,0.105694465,0,Low
15728480,0.10567534,0,Low
15609521,0.10558945,0,Low
15803976,0.10557711,0,Low
15697686,0.105554864,0,Low
15815645,0.10555419,0,Low
15573769,0.10555152,0,Low
15730161,0.10551393,0,Low
15645621,0.105478466,0,Low
15751710,0.10539736,0,Low
15657778,0.10535794,0,Low
15723884,0.105310254,0,Low
15704581,0.10525914,0,Low
15679909,0.10524003,0,Low
15598940,0.105108745,0,Low
15671804,0.105094954,0,Low
15652320,0.10506646,0,Low
15674583,0.10498294,0,Low
15780492,0.10493978,0,Low
15623082,0.104916394,0,Low
15780128,0.10490278,0,Low
15586504,0.104883894,0,Low
15684861,0.10484786,0,Low
15595047,0.10479933,0,Low
15790683,0.104770064,0,Low
15660403,0.10473212,0,Low
15653455,0.10469544,0,Low
15776743,0.1046406,0,Low
15768387,0.10461461,0,Low
15753229,0.10448185,0,Low
15619708,0.10442273,0,Low
15718406,0.104380935,0,Low
15751333,0.10437456,0,Low
15693704,0.1043346,0,Low
15590606,0.10410585,0,Low
15809991,0.1040888,0,Low
15643523,0.10392874,0,Low
15803685,0.10385742,0,Low
15583748,0.10381161,0,Low
15804814,0.10380757,0,Low
15632736,0.10379342,0,Low
15575955,0.10377905,0,Low
15787035,0.10375612,0,Low
15725811,0.103644945,0,Low
15682322,0.10362459,0,Low
15761047,0.10359853,0,Low
15775433,0.10351495,0,Low
15606552,0.10335965,0,Low
15578722,0.10334652,0,Low
15764491,0.103230044,0,Low
15777922,0.10315992,0,Low
15567333,0.10299544,0,Low
15660878,0.102973714,0,Low
15749807,0.1028557,0,Low
15662294,0.1027799,0,Low
15632345,0.10275669,0,Low
15641411,0.10266588,0,Low
15781914,0.10262083,0,Low
15804256,0.10261794,0,Low
15592570,0.10261223,0,Low
15685628,0.10261069,0,Low
15773949,0.10254055,0,Low
15680436,0.10250814,0,Low
15630511,0.102503166,0,Low
15656829,0.10249613,0,Low
15576094,0.10248332,0,Low
15802823,0.1024706,0,Low
15777436,0.10244304,0,Low
15697035,0.1024076,0,Low
15761076,0.10239184,0,Low
15714567,0.10234463,0,Low
15765297,0.102244206,0,Low
15715643,0.10222033,0,Low
15730469,0.10220654,0,Low
15647402,0.10207925,0,Low
15664737,0.101966105,0,Low
15704466,0.101943284,0,Low
15714680,0.10192214,0,Low
15643824,0.10191636,0,Low
15666559,0.101867065,0,Low
15605673,0.10184555,0,Low
15803840,0.10183658,0,Low
15798532,0.10182023,0,Low
15641835,0.101783365,0,Low
15810978,0.10172316,0,Low
15587240,0.1017044,0,Low
15734609,0.1016781,0,Low
15660602,0.101364516,0,Low
15695148,0.101352185,0,Low
15604732,0.10122626,0,Low
15591995,0.10118746,0,Low
15797065,0.101166345,0,Low
15775546,0.10079982,0,Low
15635728,0.10072601,0,Low
15645045,0.10069004,0,Low
15688172,0.10068136,0,Low
15750929,0.10067674,0,Low
15576085,0.10067268,0,Low
15763625,0.10064853,0,Low
15763327,0.10060967,0,Low
15731519,0.100538045,0,Low
15615245,0.10052938,0,Low
15793331,0.100525774,0,Low
15775042,0.1005018,0,Low
15773017,0.10042054,0,Low
15669922,0.10035545,0,Low
15621893,0.1003548,0,Low
15770159,0.100285426,0,Low
15611247,0.10027027,0,Low
15691647,0.10026525,0,Low
15778142,0.100254275,0,Low
15567991,0.10024617,0,Low
15691061,0.10023152,0,Low
15775131,0.100231245,0,Low
15671930,0.100070834,0,Low
15603454,0.099943794,0,Low
15651315,0.099841766,0,Low
15720893,0.099831566,0,Low
15611599,0.099786155,0,Low
15665374,0.0997743,0,Low
15770309,0.09976813,0,Low
15674833,0.099511266,0,Low
15577988,0.09947703,0,Low
15670914,0.09930649,0,Low
15710375,0.099274755,0,Low
15789548,0.09926401,0,Low
15607884,0.09921043,0,Low
15665629,0.099190325,0,Low
15739042,0.09917914,0,Low
15812073,0.09908976,0,Low
15810786,0.09906746,0,Low
15796336,0.09905374,0,Low
15652658,0.09894406,0,Low
15779481,0.09891379,0,Low
15646161,0.09881973,0,Low
15688973,0.09877539,0,Low
15694852,0.09875552,0,Low
15757916,0.098713264,0,Low
15567422,0.09866046,0,Low
15784890,0.09865534,0,Low
15574206,0.098558016,0,Low
15792649,0.09854681,0,Low
15721189,0.09853851,0,Low
15631159,0.09849167,0,Low
15584899,0.09847745,0,Low
15705301,0.09832917,0,Low
15715160,0.09832144,0,Low
15780124,0.09821112,0,Low
15592761,0.09814394,0,Low
15600258,0.09809604,0,Low
15691863,0.09808727,0,Low
15596797,0.0980843,0,Low
15667938,0.0980295,0,Low
15633897,0.09799674,0,Low
15575858,0.09796297,0,Low
15610105,0.09792638,0,Low
15644788,0.09785582,0,Low
15715199,0.09782857,0,Low
15723053,0.097792335,0,Low
15762573,0.097723745,0,Low
15708650,0.097416535,0,Low
15578788,0.09741442,0,Low
15659949,0.09737342,0,Low
15740630,0.09729711,0,Low
15684042,0.097212255,0,Low
15717164,0.09719769,0,Low
15782875,0.09717315,0,Low
15744398,0.097146004,0,Low
15780409,0.09703589,0,Low
15601184,0.096912086,0,Low
15756056,0.09678949,0,Low
15752508,0.09676911,0,Low
15565891,0.096755415,0,Low
15739189,0.096738555,0,Low
15804602,0.09669424,0,Low
15750441,0.096655026,0,Low
15678210,0.09661611,0,Low
15637354,0.096601225,0,Low
15707551,0.09659689,0,Low
15754929,0.09657325,0,Low
15791767,0.09657325,0,Low
15625698,0.09651016,0,Low
15726310,0.09649947,0,Low
15634719,0.096402854,0,Low
15724307,0.09639816,0,Low
15787026,0.09636664,0,Low
15729065,0.09636645,0,Low
15718773,0.096270934,0,Low
15595282,0.096181296,0,Low
15570859,0.09613097,0,Low
15595071,0.09612875,0,Low
15580149,0.096111245,0,Low
15706463,0.09610588,0,Low
15787258,0.09609515,0,Low
15663883,0.09607935,0,Low
15790757,0.09603387,0,Low
15732610,0.0959917,0,Low
15733229,0.095979,0,Low
15575748,0.09591937,0,Low
15621457,0.095899455,0,Low
15665340,0.09580805,0,Low
15801351,0.09576948,0,Low
15691624,0.095723115,0,Low
15650237,0.09563427,0,Low
15617134,0.095585525,0,Low
15712825,0.095556535,0,Low
15662658,0.09544998,0,Low
15624781,0.09542764,0,Low
15696277,0.09542473,0,Low
15599410,0.09535251,0,Low
15627412,0.0953053,0,Low
15698271,0.095299736,0,Low
15797665,0.09529465,0,Low
15810891,0.0952926,0,Low
15764073,0.09527702,0,Low
15702380,0.09518223,0,Low
15629519,0.09517942,0,Low
15692408,0.09517371,0,Low
15756475,0.095092505,0,Low
15666043,0.09508815,0,Low
15569503,0.09508452,0,Low
15645029,0.0950198,0,Low
15765287,0.09498083,0,Low
15649423,0.094873756,0,Low
15776844,0.09482128,0,Low
15757425,0.094741546,0,Low
15585599,0.09469184,0,Low
15631201,0.094680905,0,Low
15800482,0.094677314,0,Low
15579433,0.09462362,0,Low
15696120,0.09461239,0,Low
15722758,0.09451764,0,Low
15734491,0.09446457,0,Low
15599829,0.09445961,0,Low
15715078,0.09442118,0,Low
15698349,0.09434496,0,Low
15665158,0.09424893,0,Low
15717138,0.09412404,0,Low
15693904,0.094025515,0,Low
15809057,0.09402549,0,Low
15651336,0.09397,0,Low
15656188,0.093959786,0,Low
15697214,0.09380117,0,Low
15612776,0.09375657,0,Low
15646374,0.09369971,0,Low
15623966,0.09369458,0,Low
15734626,0.09367867,0,Low
15758685,0.09357247,0,Low
15578908,0.093568996,0,Low
15788151,0.09351845,0,Low
15572356,0.09350135,0,Low
15581733,0.093485914,0,Low
15595136,0.09339288,0,Low
15796721,0.09324269,0,Low
15804104,0.09320821,0,Low
15805449,0.093207024,0,Low
15565996,0.09319581,0,Low
15579183,0.09312101,0,Low
15783029,0.09309995,0,Low
15717156,0.093077704,0,Low
15716518,0.09289173,0,Low
15644724,0.09268588,0,Low
15757777,0.09257373,0,Low
15659557,0.09244599,0,Low
15764174,0.09241583,0,Low
15770554,0.092414536,0,Low
15786035,0.09240665,0,Low
15615004,0.092366494,0,Low
15658956,0.0922804,0,Low
15672357,0.09220925,0,Low
15705309,0.09189821,0,Low
15784323,0.09182851,0,Low
15719579,0.091625795,0,Low
15727421,0.09156151,0,Low
15770214,0.09147175,0,Low
15745543,0.0914673,0,Low
15685109,0.0914673,0,Low
15677136,0.091344215,0,Low
15579714,0.09125214,0,Low
15762123,0.09119822,0,Low
15584363,0.091131516,0,Low
15723481,0.09110549,0,Low
15793825,0.09095923,0,Low
15568164,0.09087757,0,Low
15741745,0.09072829,0,Low
15665062,0.090622,0,Low
15704795,0.09057727,0,Low
15705085,0.09054911,0,Low
15702293,0.090447634,0,Low
15799641,0.090263315,0,Low
15787229,0.090178445,0,Low
15570145,0.08989442,0,Low
15804009,0.08981865,0,Low
15781884,0.08981742,0,Low
15734246,0.089799196,0,Low
15725772,0.089785546,0,Low
15665402,0.08976271,0,Low
15590228,0.08976053,0,Low
15696588,0.08975973,0,Low
15696834,0.08975901,0,Low
15617603,0.08967228,0,Low
15692931,0.08962294,0,Low
15679991,0.089602925,0,Low
15762993,0.08954597,0,Low
15678385,0.089520924,0,Low
15727919,0.089508995,0,Low
15749365,0.0894419,0,Low
15673929,0.08932331,0,Low
15615352,0.089277826,0,Low
15633181,0.08914958,0,Low
15656286,0.08895507,0,Low
15808846,0.088906504,0,Low
15746410,0.08886017,0,Low
15602551,0.08877488,0,Low
15775562,0.088773645,0,Low
15693732,0.08870927,0,Low
15625021,0.08859895,0,Low
15731553,0.08845167,0,Low
15731522,0.08835103,0,Low
15735549,0.08827319,0,Low
15727857,0.08826346,0,Low
15585839,0.08823406,0,Low
15767954,0.088231295,0,Low
15654067,0.08809392,0,Low
15799031,0.08807286,0,Low
15711352,0.08806135,0,Low
15732963,0.088023655,0,Low
15683483,0.08796616,0,Low
15715707,0.0879286,0,Low
15715920,0.087870285,0,Low
15617476,0.08784851,0,Low
15591942,0.08776137,0,Low
15596405,0.08764376,0,Low
15612465,0.087602645,0,Low
15688865,0.08758441,0,Low
15697045,0.08756049,0,Low
15666141,0.08749875,0,Low
15681220,0.08746097,0,Low
15698321,0.08732384,0,Low
15789669,0.08720839,0,Low
15745843,0.08719456,0,Low
15622289,0.08715938,0,Low
15633059,0.08709315,0,Low
15684592,0.08706993,0,Low
15779913,0.08698785,0,Low
15583090,0.086947046,0,Low
15742323,0.08690118,0,Low
15600575,0.08688312,0,Low
15676966,0.08686273,0,Low
15685654,0.08684261,0,Low
15585222,0.08680753,0,Low
15749693,0.08678936,0,Low
15584452,0.08678587,0,Low
15598700,0.08676669,0,Low
15747345,0.0867454,0,Low
15692259,0.08671373,0,Low
15766869,0.08669883,0,Low
15755239,0.086659215,0,Low
15802483,0.08662809,0,Low
15576131,0.08652003,0,Low
15578375,0.086496316,0,Low
15694409,0.086493805,0,Low
15709004,0.08648203,0,Low
15603323,0.08644375,0,Low
15707242,0.0864305,0,Low
15793196,0.086411916,0,Low
15617029,0.08635625,0,Low
15672704,0.08635212,0,Low
15799186,0.08634817,0,Low
15583480,0.086278416,0,Low
15633922,0.086262345,0,Low
15801924,0.08624989,0,Low
15804787,0.08624412,0,Low
15709295,0.08622528,0,Low
15761976,0.0861938,0,Low
15721292,0.086168654,0,Low
15594915,0.086146206,0,Low
15750574,0.086144514,0,Low
15592091,0.08606489,0,Low
15722083,0.08597471,0,Low
15682523,0.08585832,0,Low
15743456,0.08573387,0,Low
15814940,0.08570498,0,Low
15666252,0.08568266,0,Low
15773876,0.08563353,0,Low
15600882,0.08557588,0,Low
15672053,0.085559465,0,Low
15622230,0.08544597,0,Low
15771856,0.0853768,0,Low
15719858,0.08529799,0,Low
15685576,0.08519518,0,Low
15676958,0.08518299,0,Low
15615624,0.085128956,0,Low
15598574,0.085098416,0,Low
15596165,0.085095204,0,Low
15604588,0.0850384,0,Low
15660385,0.08484103,0,Low
15757473,0.08484038,0,Low
15792008,0.08476564,0,Low
15752388,0.08471967,0,Low
15609058,0.08462536,0,Low
15687540,0.084579274,0,Low
15653065,0.08455585,0,Low
15597385,0.084515534,0,Low
15664521,0.08446233,0,Low
15605950,0.08446089,0,Low
15740494,0.0844063,0,Low
15619116,0.084401265,0,Low
15782231,0.08435772,0,Low
15591980,0.08430422,0,Low
15618950,0.084293164,0,Low
15793343,0.084276214,0,Low
15693637,0.084276214,0,Low
15687752,0.08427505,0,Low
15779904,0.084230706,0,Low
15620579,0.084174424,0,Low
15695168,0.084148824,0,Low
15751774,0.08410746,0,Low
15679810,0.08409075,0,Low
15738219,0.08406804,0,Low
15636395,0.08404933,0,Low
15595158,0.084029086,0,Low
15790247,0.08402461,0,Low
15701037,0.08402211,0,Low
15813327,0.08401905,0,Low
15599976,0.08400039,0,Low
15628715,0.08399535,0,Low
15694160,0.083988264,0,Low
15770291,0.08398628,0,Low
15725302,0.08395683,0,Low
15720354,0.08394359,0,Low
15600912,0.083926894,0,Low
15605827,0.08390444,0,Low
15644962,0.083878934,0,Low
15629475,0.08381328,0,Low
15786078,0.08380436,0,Low
15670619,0.08374414,0,Low
15569867,0.083733656,0,Low
15746704,0.083724946,0,Low
15750055,0.083714105,0,Low
15774277,0.0836461,0,Low
15609176,0.08360829,0,Low
15619537,0.08357532,0,Low
15810347,0.083563365,0,Low
15573278,0.083461784,0,Low
15743478,0.08344929,0,Low
15785815,0.083445296,0,Low
15727467,0.0833608,0,Low
15762855,0.08332231,0,Low
15756975,0.08329769,0,Low
15670029,0.08328412,0,Low
15606436,0.08319138,0,Low
15642099,0.083166346,0,Low
15756932,0.08307312,0,Low
15759805,0.08306438,0,Low
15677828,0.08306438,0,Low
15737194,0.082976766,0,Low
15653696,0.082959585,0,Low
15813681,0.082927905,0,Low
15687903,0.08282775,0,Low
15662662,0.0828184,0,Low
15683471,0.0827674,0,Low
15645059,0.08272929,0,Low
15707696,0.0827282,0,Low
15599440,0.082723536,0,Low
15798906,0.08267819,0,Low
15700864,0.082629055,0,Low
15585595,0.08262665,0,Low
15615896,0.08258076,0,Low
15617538,0.08257858,0,Low
15743545,0.08257442,0,Low
15674811,0.08257226,0,Low
15592645,0.08256942,0,Low
15655875,0.08251426,0,Low
15667896,0.08251381,0,Low
15708916,0.08251173,0,Low
15679200,0.082510166,0,Low
15799156,0.082500815,0,Low
15659420,0.08245289,0,Low
15642709,0.08243239,0,Low
15596962,0.0823729,0,Low
15756655,0.08231681,0,Low
15575391,0.08218558,0,Low
15691483,0.08200699,0,Low
15773973,0.081926435,0,Low
15617655,0.08189474,0,Low
15648721,0.081889115,0,Low
15605339,0.081825465,0,Low
15723250,0.08182256,0,Low
15635905,0.08170811,0,Low
15711378,0.08143818,0,Low
15795129,0.08140977,0,Low
15601417,0.08139351,0,Low
15585215,0.081308804,0,Low
15599124,0.08128361,0,Low
15678168,0.08124318,0,Low
15638269,0.08112538,0,Low
15661830,0.08102124,0,Low
15758477,0.081014566,0,Low
15690664,0.08091201,0,Low
15753591,0.080820516,0,Low
15748068,0.08072123,0,Low
15663386,0.08071562,0,Low
15789815,0.08071248,0,Low
15723886,0.08064223,0,Low
15713608,0.08064165,0,Low
15788686,0.0805853,0,Low
15579777,0.0805189,0,Low
15699047,0.080513164,0,Low
15754926,0.08041329,0,Low
15714046,0.08040819,0,Low
15713378,0.08031743,0,Low
15600280,0.08029616,0,Low
15659355,0.08021272,0,Low
15723620,0.08020889,0,Low
15724834,0.08019688,0,Low
15699515,0.08015512,0,Low
15772503,0.08010064,0,Low
15606229,0.08004146,0,Low
15715667,0.08003579,0,Low
15748589,0.08001398,0,Low
15783816,0.079954915,0,Low
15671172,0.07994402,0,Low
15742269,0.0799375,0,Low
15801072,0.079924524,0,Low
15565806,0.07990488,0,Low
15724402,0.079815276,0,Low
15572145,0.079815276,0,Low
15757837,0.079797894,0,Low
15582404,0.07979568,0,Low
15697391,0.07971753,0,Low
15782879,0.07970258,0,Low
15705506,0.079699606,0,Low
15714877,0.07969102,0,Low
15682070,0.07966936,0,Low
15674991,0.07965973,0,Low
15757646,0.07963982,0,Low
15637829,0.07963079,0,Low
15755825,0.07955246,0,Low
15728605,0.07948389,0,Low
15793366,0.07942594,0,Low
15687363,0.07942469,0,Low
15686941,0.079283595,0,Low
15665802,0.079262,0,Low
15662483,0.07922704,0,Low
15672930,0.07916036,0,Low
15610140,0.079127416,0,Low
15671779,0.07905105,0,Low
15736769,0.0790408,0,Low
15586848,0.07901247,0,Low
15654060,0.07895201,0,Low
15589358,0.07890403,0,Low
15787071,0.078839324,0,Low
15611088,0.07879322,0,Low
15634632,0.07876824,0,Low
15770030,0.078715004,0,Low
15766787,0.078571424,0,Low
15790314,0.078456685,0,Low
15723437,0.07839582,0,Low
15603065,0.07837741,0,Low
15762799,0.0783444,0,Low
15727539,0.07831395,0,Low
15589401,0.07830958,0,Low
15760774,0.07827686,0,Low
15585280,0.07825842,0,Low
15608408,0.07808845,0,Low
15599182,0.07808237,0,Low
15573893,0.077986695,0,Low
15758050,0.077969015,0,Low
15696812,0.077862404,0,Low
15683553,0.0778417,0,Low
15682728,0.0778417,0,Low
15745826,0.07782422,0,Low
15641794,0.077817515,0,Low
15781574,0.07775061,0,Low
15642833,0.07773208,0,Low
15791550,0.077724546,0,Low
15727408,0.07770484,0,Low
15590637,0.0776782,0,Low
15674929,0.077630766,0,Low
15775206,0.07761481,0,Low
15655007,0.07758315,0,Low
15632264,0.07757361,0,Low
15696098,0.07757361,0,Low
15783875,0.07747759,0,Low
15644103,0.077454664,0,Low
15605872,0.077437714,0,Low
15765192,0.07743525,0,Low
15606133,0.077335276,0,Low
15689288,0.07730165,0,Low
15728542,0.077212945,0,Low
15671390,0.07720076,0,Low
15635893,0.077082634,0,Low
15634310,0.07706874,0,Low
15687310,0.07701854,0,Low
15646632,0.07701445,0,Low
15812611,0.076988444,0,Low
15570194,0.076930664,0,Low
15773605,0.07689603,0,Low
15666430,0.0768776,0,Low
15606177,0.07687341,0,Low
15680772,0.07683325,0,Low
15628583,0.076809034,0,Low
15658148,0.07674537,0,Low
15681509,0.07670258,0,Low
15803457,0.076646134,0,Low
15697948,0.07651129,0,Low
15718443,0.07649106,0,Low
15752915,0.07646258,0,Low
15670668,0.076393194,0,Low
15639662,0.07638852,0,Low
15789863,0.07637808,0,Low
15644977,0.07626791,0,Low
15608387,0.07626791,0,Low
15631063,0.07626224,0,Low
15585133,0.076250665,0,Low
15566790,0.07623868,0,Low
15768777,0.07621462,0,Low
15801821,0.076194055,0,Low
15649086,0.076146044,0,Low
15710853,0.07604143,0,Low
15674851,0.07596825,0,Low
15724955,0.07587929,0,Low
15781678,0.07574312,0,Low
15778089,0.07569908,0,Low
15648069,0.0756457,0,Low
15776605,0.07554649,0,Low
15592194,0.07548994,0,Low
15715939,0.07548831,0,Low
15786789,0.075474784,0,Low
15797293,0.075296365,0,Low
15758726,0.075292684,0,Low
15734438,0.07522637,0,Low
15670615,0.075202316,0,Low
15787151,0.075176954,0,Low
15814033,0.07515897,0,Low
15670496,0.07515548,0,Low
15681758,0.075130485,0,Low
15711750,0.07501314,0,Low
15768219,0.07501136,0,Low
15747222,0.07496308,0,Low
15578980,0.07495688,0,Low
15676715,0.07495404,0,Low
15600692,0.074778885,0,Low
15746902,0.074714564,0,Low
15680046,0.07468024,0,Low
15771054,0.07467228,0,Low
15642991,0.07462322,0,Low
15589224,0.074615926,0,Low
15743538,0.0744821,0,Low
15665008,0.07444107,0,Low
15682860,0.074405886,0,Low
15688637,0.07440009,0,Low
15812009,0.07430721,0,Low
15692583,0.07413373,0,Low
15607509,0.07411203,0,Low
15707025,0.0739974,0,Low
15796958,0.073924,0,Low
15671249,0.073911935,0,Low
15645904,0.07386368,0,Low
15671097,0.073861666,0,Low
15672499,0.07383953,0,Low
15675431,0.07375821,0,Low
15685536,0.07375424,0,Low
15595160,0.073712856,0,Low
15672437,0.073684454,0,Low
15753895,0.073667906,0,Low
15619340,0.07361415,0,Low
15730868,0.073581934,0,Low
15767598,0.07341922,0,Low
15801293,0.07339997,0,Low
15780966,0.07335649,0,Low
15740264,0.07334887,0,Low
15774491,0.07333919,0,Low
15747130,0.07332998,0,Low
15611409,0.07317882,0,Low
15708693,0.07307392,0,Low
15715510,0.073053405,0,Low
15605276,0.07303972,0,Low
15729515,0.073027074,0,Low
15645248,0.0730172,0,Low
15768244,0.072945386,0,Low
15623277,0.07290332,0,Low
15768530,0.07282894,0,Low
15701524,0.07281627,0,Low
15762543,0.07279922,0,Low
15772632,0.07278949,0,Low
15635972,0.07276865,0,Low
15713267,0.0727538,0,Low
15711386,0.072725065,0,Low
15575060,0.07270842,0,Low
15729454,0.07268241,0,Low
15619083,0.0726427,0,Low
15726960,0.07246825,0,Low
15723858,0.072326936,0,Low
15798737,0.07217925,0,Low
15810845,0.07216564,0,Low
15789936,0.07210686,0,Low
15650751,0.072095916,0,Low
15591344,0.072093114,0,Low
15781875,0.072044194,0,Low
15663964,0.071871035,0,Low
15700965,0.07186685,0,Low
15707488,0.07171884,0,Low
15571148,0.07167147,0,Low
15594305,0.071669824,0,Low
15632446,0.07160245,0,Low
15699550,0.07158142,0,Low
15812767,0.07143389,0,Low
15579787,0.071383536,0,Low
15591130,0.07136636,0,Low
15794472,0.07129364,0,Low
15621432,0.07128296,0,Low
15719778,0.07127611,0,Low
15595640,0.0712564,0,Low
15619465,0.071124926,0,Low
15566689,0.07102382,0,Low
15665221,0.07097774,0,Low
15632669,0.07094799,0,Low
15721383,0.07091536,0,Low
15808326,0.070906445,0,Low
15790935,0.0708634,0,Low
15694209,0.07077556,0,Low
15782144,0.070691235,0,Low
15643048,0.07066851,0,Low
15715638,0.07059596,0,Low
15637593,0.07057081,0,Low
15626233,0.07050795,0,Low
15603156,0.07048905,0,Low
15812422,0.07048707,0,Low
15736124,0.07046554,0,Low
15735968,0.070328884,0,Low
15752344,0.07027247,0,Low
15791972,0.07024678,0,Low
15813140,0.07017638,0,Low
15615473,0.07006495,0,Low
15604348,0.0700633,0,Low
15765258,0.07001618,0,Low
15791452,0.07001365,0,Low
15728362,0.0699753,0,Low
15608886,0.06990881,0,Low
15616330,0.069902115,0,Low
15699340,0.06987382,0,Low
15571244,0.06979124,0,Low
15796480,0.06975239,0,Low
15660144,0.06971882,0,Low
15773906,0.06971882,0,Low
15607598,0.069704115,0,Low
15787884,0.06966815,0,Low
15581539,0.069658786,0,Low
15654106,0.06965329,0,Low
15648638,0.0695929,0,Low
15772798,0.06948251,0,Low
15590344,0.06944218,0,Low
15759690,0.06934954,0,Low
15581102,0.06932699,0,Low
15671973,0.06931399,0,Low
15715519,0.06926993,0,Low
15689237,0.06925083,0,Low
15705379,0.06921989,0,Low
15621064,0.069212236,0,Low
15633840,0.06915953,0,Low
15580912,0.06910184,0,Low
15714493,0.06909617,0,Low
15693543,0.069088176,0,Low
15792004,0.069060765,0,Low
15655274,0.06905395,0,Low
15707559,0.06902514,0,Low
15727829,0.06901722,0,Low
15724536,0.068958014,0,Low
15790497,0.06892278,0,Low
15758639,0.068890035,0,Low
15718231,0.06871366,0,Low
15581332,0.068706945,0,Low
15658435,0.06869217,0,Low
15636353,0.068670414,0,Low
15729435,0.06863387,0,Low
15568044,0.06862677,0,Low
15589948,0.068541266,0,Low
15806403,0.06852899,0,Low
15708714,0.06852026,0,Low
15811200,0.06846409,0,Low
15719294,0.06846409,0,Low
15671514,0.06845146,0,Low
15584288,0.06843396,0,Low
15624188,0.06837581,0,Low
15649523,0.06837203,0,Low
15742404,0.06835211,0,Low
15569572,0.0683252,0,Low
15767864,0.06825914,0,Low
15642816,0.06818771,0,Low
15633283,0.06815632,0,Low
15637427,0.068121046,0,Low
15752912,0.068067834,0,Low
15643819,0.06797376,0,Low
15682890,0.06790991,0,Low
15634949,0.06790345,0,Low
15594827,0.067843586,0,Low
15684358,0.06783242,0,Low
15627377,0.06782357,0,Low
15579548,0.06780812,0,Low
15660390,0.06777072,0,Low
15731327,0.067720644,0,Low
15641655,0.06770851,0,Low
15703106,0.06760695,0,Low
15692671,0.06759674,0,Low
15703292,0.0675705,0,Low
15695699,0.067567974,0,Low
15701522,0.06753079,0,Low
15631451,0.067483135,0,Low
15756992,0.067469336,0,Low
15789413,0.067344114,0,Low
15643574,0.067336224,0,Low
15725002,0.06732306,0,Low
15795079,0.067296,0,Low
15671351,0.06718466,0,Low
15774393,0.06715472,0,Low
15750549,0.06712443,0,Low
15598275,0.06710359,0,Low
15809585,0.06702821,0,Low
15711468,0.067026325,0,Low
15746183,0.06694271,0,Low
15616954,0.0668895,0,Low
15741921,0.06688122,0,Low
15734565,0.06682593,0,Low
15712877,0.06675356,0,Low
15597309,0.06669273,0,Low
15654274,0.066586584,0,Low
15763806,0.06658587,0,Low
15798084,0.06654901,0,Low
15566594,0.0665076,0,Low
15747043,0.06649326,0,Low
15723720,0.06648263,0,Low
15806249,0.06646294,0,Low
15626474,0.06644462,0,Low
15640059,0.066345066,0,Low
15718106,0.0663007,0,Low
15804822,0.066191845,0,Low
15746190,0.06616158,0,Low
15776047,0.066150434,0,Low
15723613,0.06614493,0,Low
15720123,0.06606181,0,Low
15774258,0.06604969,0,Low
15807546,0.065895595,0,Low
15787222,0.06586836,0,Low
15786469,0.065852985,0,Low
15697028,0.06572419,0,Low
15636238,0.06572131,0,Low
15681671,0.065710075,0,Low
15750476,0.06568499,0,Low
15577657,0.06567424,0,Low
15737080,0.065658525,0,Low
15813095,0.06564748,0,Low
15674398,0.06556134,0,Low
15604295,0.06554068,0,Low
15740878,0.06539245,0,Low
15789432,0.06528833,0,Low
15593555,0.06518135,0,Low
15812850,0.064996935,0,Low
15592230,0.064955294,0,Low
15663625,0.06495083,0,Low
15617304,0.06489692,0,Low
15810826,0.06489175,0,Low
15668347,0.06489175,0,Low
15753754,0.06486913,0,Low
15730418,0.06483811,0,Low
15719931,0.064786896,0,Low
15700752,0.06475271,0,Low
15682540,0.064704895,0,Low
15694321,0.06467838,0,Low
15576269,0.06465321,0,Low
15719017,0.06463766,0,Low
15654183,0.0646372,0,Low
15594862,0.06463422,0,Low
15589200,0.06456287,0,Low
15767626,0.06455058,0,Low
15746341,0.064538255,0,Low
15771483,0.064513095,0,Low
15672481,0.06440659,0,Low
15790717,0.06439683,0,Low
15668142,0.064385965,0,Low
15680224,0.06432084,0,Low
15785869,0.064310126,0,Low
15746461,0.064264216,0,Low
15762984,0.06426102,0,Low
15579969,0.06424538,0,Low
15793346,0.064158805,0,Low
15698758,0.06408043,0,Low
15809616,0.0640401,0,Low
15647259,0.06397137,0,Low
15766896,0.06394721,0,Low
15743570,0.0639066,0,Low
15644212,0.06385674,0,Low
15697283,0.063796215,0,Low
15733119,0.0636694,0,Low
15716041,0.06356984,0,Low
15782219,0.063531876,0,Low
15642885,0.06347516,0,Low
15642570,0.063464634,0,Low
15655238,0.06341351,0,Low
15742886,0.06337378,0,Low
15601387,0.06336287,0,Low
15613097,0.06332586,0,Low
15603088,0.06329472,0,Low
15749540,0.0632624,0,Low
15737971,0.06322291,0,Low
15767488,0.06322093,0,Low
15746749,0.06317522,0,Low
15681755,0.063167244,0,Low
15678333,0.06309219,0,Low
15780628,0.06302157,0,Low
15815364,0.0629948,0,Low
15710138,0.062965155,0,Low
15648951,0.06284611,0,Low
15605737,0.062845,0,Low
15613945,0.062820084,0,Low
15611287,0.06279801,0,Low
15625524,0.06276552,0,Low
15673342,0.06273676,0,Low
15794014,0.06268398,0,Low
15803801,0.06267869,0,Low
15609356,0.06266891,0,Low
15714658,0.06261538,0,Low
15648032,0.06255811,0,Low
15583724,0.06247645,0,Low
15733303,0.06246015,0,Low
15738220,0.062325697,0,Low
15782574,0.06226913,0,Low
15775803,0.062241673,0,Low
15700693,0.062132977,0,Low
15604813,0.062019907,0,Low
15729836,0.061906844,0,Low
15600173,0.061897416,0,Low
15665014,0.06188509,0,Low
15727041,0.061859906,0,Low
15773503,0.061723318,0,Low
15684103,0.061629623,0,Low
15593250,0.06160681,0,Low
15798666,0.061601453,0,Low
15781689,0.061570883,0,Low
15622192,0.061499454,0,Low
15586996,0.06147727,0,Low
15774104,0.061452664,0,Low
15652789,0.06144394,0,Low
15610433,0.061402593,0,Low
15809901,0.06139194,0,Low
15723006,0.06136392,0,Low
15614230,0.061234042,0,Low
15644005,0.061221093,0,Low
15628292,0.061219003,0,Low
15793726,0.061199803,0,Low
15748882,0.061199494,0,Low
15647295,0.061097488,0,Low
15661349,0.061048392,0,Low
15738174,0.060935564,0,Low
15695475,0.060930967,0,Low
15787550,0.060884245,0,Low
15674928,0.060876857,0,Low
15588197,0.060712103,0,Low
15766552,0.060642127,0,Low
15755978,0.06059662,0,Low
15615096,0.06055845,0,Low
15574858,0.060524203,0,Low
15758056,0.06047772,0,Low
15603830,0.060397517,0,Low
15797010,0.060390126,0,Low
15593773,0.060350683,0,Low
15662571,0.060320966,0,Low
15786680,0.060252454,0,Low
15663252,0.060203455,0,Low
15772479,0.06020134,0,Low
15629133,0.060135737,0,Low
15798053,0.060091093,0,Low
15664759,0.060031872,0,Low
15748473,0.05999308,0,Low
15671969,0.05996969,0,Low
15595388,0.05995092,0,Low
15677739,0.059884068,0,Low
15641690,0.059772115,0,Low
15753462,0.05974677,0,Low
15794875,0.05974342,0,Low
15751531,0.05973798,0,Low
15782236,0.059718873,0,Low
15626141,0.05971304,0,Low
15648725,0.059673652,0,Low
15577683,0.05966128,0,Low
15622171,0.059628975,0,Low
15790594,0.05962046,0,Low
15715796,0.059611645,0,Low
15711249,0.05953564,0,Low
15623695,0.059516825,0,Low
15624471,0.05951369,0,Low
15786717,0.059447028,0,Low
15581505,0.05943644,0,Low
15697307,0.059419304,0,Low
15626042,0.059398446,0,Low
15760849,0.059356526,0,Low
15784218,0.059344675,0,Low
15599268,0.059327632,0,Low
15631813,0.059253354,0,Low
15746035,0.059160043,0,Low
15749669,0.059155237,0,Low
15729574,0.05915142,0,Low
15748432,0.05912859,0,Low
15776211,0.0590874,0,Low
15722404,0.059065215,0,Low
15601848,0.059006836,0,Low
15652700,0.058970254,0,Low
15670343,0.05896841,0,Low
15569187,0.058941167,0,Low
15774872,0.058909465,0,Low
15707144,0.058902875,0,Low
15645543,0.0588528,0,Low
15591150,0.058832005,0,Low
15810864,0.058736555,0,Low
15745624,0.05868636,0,Low
15714380,0.05868281,0,Low
15635244,0.05867085,0,Low
15815236,0.058641635,0,Low
15777076,0.05861089,0,Low
15600106,0.058603734,0,Low
15739997,0.0585788,0,Low
15668009,0.058568835,0,Low
15688876,0.058560815,0,Low
15713043,0.05853553,0,Low
15590730,0.058506843,0,Low
15763613,0.058409918,0,Low
15638068,0.05839999,0,Low
15705034,0.05839987,0,Low
15697034,0.0583849,0,Low
15773709,0.058380604,0,Low
15680370,0.0583707,0,Low
15656263,0.058291815,0,Low
15619892,0.05826047,0,Low
15668767,0.05825004,0,Low
15570417,0.058215685,0,Low
15630349,0.058197804,0,Low
15640627,0.05818313,0,Low
15777122,0.058179237,0,Low
15781495,0.058124688,0,Low
15788218,0.058124166,0,Low
15656484,0.058123734,0,Low
15662263,0.058096137,0,Low
15637461,0.0580707,0,Low
15621031,0.058038864,0,Low
15699446,0.05795684,0,Low
15808780,0.05794488,0,Low
15647191,0.05791019,0,Low
15668943,0.057882495,0,Low
15638871,0.057738114,0,Low
15805769,0.05771924,0,Low
15791836,0.05769282,0,Low
15686436,0.057658806,0,Low
15766659,0.05762221,0,Low
15642160,0.05756105,0,Low
15637131,0.057548277,0,Low
15734365,0.057540193,0,Low
15574523,0.057536393,0,Low
15773146,0.057523336,0,Low
15655335,0.057487063,0,Low
15734892,0.057479702,0,Low
15786249,0.057467226,0,Low
15613292,0.057448424,0,Low
15693817,0.057336714,0,Low
15645942,0.057334356,0,Low
15682454,0.057331342,0,Low
15790093,0.057322334,0,Low
15643229,0.05730757,0,Low
15621687,0.057283234,0,Low
15654506,0.057230216,0,Low
15578073,0.057180114,0,Low
15787602,0.057122186,0,Low
15616122,0.05711877,0,Low
15797197,0.057100195,0,Low
15713479,0.05704955,0,Low
15628523,0.057005435,0,Low
15684999,0.056999605,0,Low
15623595,0.056996543,0,Low
15693264,0.056974772,0,Low
15753837,0.056942575,0,Low
15592914,0.056863084,0,Low
15637428,0.05684124,0,Low
15775880,0.05682591,0,Low
15792029,0.056790985,0,Low
15611961,0.05673732,0,Low
15662500,0.056639846,0,Low
15802009,0.05661616,0,Low
15637324,0.05660316,0,Low
15799631,0.056560885,0,Low
15702715,0.056551848,0,Low
15667521,0.056550067,0,Low
15576714,0.056445774,0,Low
15808621,0.056314018,0,Low
15715031,0.05631211,0,Low
15757588,0.056301977,0,Low
15586300,0.056285534,0,Low
15806307,0.056190863,0,Low
15667602,0.056118947,0,Low
15794297,0.056067582,0,Low
15670163,0.055991016,0,Low
15642394,0.055951998,0,Low
15713644,0.055910867,0,Low
15633870,0.055877075,0,Low
15704770,0.05586631,0,Low
15652667,0.05586529,0,Low
15580623,0.055839572,0,Low
15783463,0.055810336,0,Low
15791988,0.055788472,0,Low
15596212,0.055765085,0,Low
15768746,0.055720475,0,Low
15727281,0.055717852,0,Low
15709396,0.055685386,0,Low
15687527,0.055679996,0,Low
15750671,0.055662695,0,Low
15759290,0.055660192,0,Low
15751297,0.055588376,0,Low
15656029,0.05558654,0,Low
15660866,0.055573188,0,Low
15598892,0.05553493,0,Low
15581968,0.055494793,0,Low
15801934,0.055481896,0,Low
15694581,0.055478584,0,Low
15656293,0.055463795,0,Low
15661380,0.05540375,0,Low
15620372,0.055377945,0,Low
15740900,0.055284597,0,Low
15567855,0.05516601,0,Low
15622442,0.05514408,0,Low
15576256,0.055063207,0,Low
15682489,0.055005707,0,Low
15779886,0.05498026,0,Low
15672330,0.054962285,0,Low
15618171,0.05493047,0,Low
15624347,0.054854143,0,Low
15695846,0.054843627,0,Low
15762110,0.054829832,0,Low
15636756,0.054813895,0,Low
15598614,0.054798998,0,Low
15636572,0.054769136,0,Low
15702434,0.054761212,0,Low
15678725,0.05475715,0,Low
15715345,0.05475538,0,Low
15734948,0.054711893,0,Low
15716236,0.054684844,0,Low
15581840,0.054670885,0,Low
15574071,0.0546576,0,Low
15722479,0.054649204,0,Low
15714634,0.054605406,0,Low
15739803,0.054579876,0,Low
15624437,0.054575678,0,Low
15814750,0.054551434,0,Low
15703437,0.05452499,0,Low
15711398,0.05446207,0,Low
15624072,0.054415803,0,Low
15764237,0.054404307,0,Low
15813894,0.054313753,0,Low
15789546,0.054246463,0,Low
15616922,0.05423113,0,Low
15680197,0.054220747,0,Low
15588446,0.054218493,0,Low
15777958,0.054213118,0,Low
15670492,0.054193705,0,Low
15631054,0.05419164,0,Low
15692406,0.054008923,0,Low
15706128,0.053982414,0,Low
15786200,0.0539488,0,Low
15794345,0.053947646,0,Low
15686743,0.053934135,0,Low
15599024,0.053914595,0,Low
15655648,0.05383304,0,Low
15743760,0.053803153,0,Low
15664895,0.053745113,0,Low
15601503,0.05371153,0,Low
15669606,0.05367515,0,Low
15673055,0.05362612,0,Low
15760570,0.053613313,0,Low
15775741,0.05353542,0,Low
15722322,0.053531796,0,Low
15613712,0.053517148,0,Low
15749799,0.053412247,0,Low
15813451,0.05337765,0,Low
15782806,0.053370968,0,Low
15710161,0.05332776,0,Low
15710456,0.053288504,0,Low
15750243,0.0532834,0,Low
15648735,0.053238694,0,Low
15728010,0.05319284,0,Low
15732265,0.053163387,0,Low
15769902,0.05315467,0,Low
15576680,0.053153582,0,Low
15739438,0.05313352,0,Low
15761506,0.053104546,0,Low
15802390,0.053013638,0,Low
15649793,0.05293982,0,Low
15704910,0.05288822,0,Low
15610936,0.052871145,0,Low
15683118,0.05283512,0,Low
15709324,0.05275293,0,Low
15603203,0.052738078,0,Low
15744423,0.052729465,0,Low
15809838,0.052690513,0,Low
15733797,0.05267113,0,Low
15591257,0.05265683,0,Low
15794413,0.052606203,0,Low
15723153,0.052599065,0,Low
15785798,0.052593134,0,Low
15678571,0.052547973,0,Low
15749119,0.052544698,0,Low
15728082,0.0525364,0,Low
15752409,0.05251108,0,Low
15731829,0.052509595,0,Low
15780572,0.05248671,0,Low
15569945,0.05243489,0,Low
15756926,0.05224359,0,Low
15693347,0.052234538,0,Low
15737051,0.05222021,0,Low
15579915,0.052215964,0,Low
15620758,0.05210314,0,Low
15592451,0.05210183,0,Low
15637235,0.052066434,0,Low
15799480,0.05204568,0,Low
15568878,0.052041363,0,Low
15623644,0.051998146,0,Low
15792934,0.05196007,0,Low
15649129,0.051924996,0,Low
15759537,0.05188642,0,Low
15582903,0.05187487,0,Low
15659710,0.051859688,0,Low
15590320,0.05181061,0,Low
15595557,0.051777415,0,Low
15810432,0.05173466,0,Low
15739514,0.051729105,0,Low
15712287,0.05171839,0,Low
15591428,0.051712416,0,Low
15658032,0.051674012,0,Low
15645820,0.051661737,0,Low
15576022,0.051628195,0,Low
15619238,0.051627122,0,Low
15646168,0.0514853,0,Low
15773098,0.0514853,0,Low
15690695,0.051470622,0,Low
15627027,0.05141149,0,Low
15616029,0.051399354,0,Low
15617617,0.051396117,0,Low
15604217,0.051391132,0,Low
15586629,0.05138825,0,Low
15627328,0.05134278,0,Low
15679550,0.05133499,0,Low
15660528,0.051334687,0,Low
15627999,0.051317412,0,Low
15697702,0.051261634,0,Low
15681705,0.0512402,0,Low
15608688,0.05118494,0,Low
15761775,0.05117246,0,Low
15668893,0.05112687,0,Low
15662434,0.051000837,0,Low
15633818,0.05097924,0,Low
15781034,0.05096314,0,Low
15606841,0.05090394,0,Low
15793901,0.05087058,0,Low
15743759,0.050869957,0,Low
15592197,0.050841287,0,Low
15643330,0.05083328,0,Low
15685150,0.050697472,0,Low
15806420,0.050657563,0,Low
15801994,0.050657563,0,Low
15626412,0.050613165,0,Low
15795429,0.050602295,0,Low
15798850,0.050602123,0,Low
15614778,0.050597426,0,Low
15687648,0.05055898,0,Low
15599792,0.0505558,0,Low
15586974,0.050550297,0,Low
15569364,0.050540306,0,Low
15786063,0.050488777,0,Low
15698927,0.05046992,0,Low
15723013,0.050368182,0,Low
15594577,0.05034212,0,Low
15658459,0.050307017,0,Low
15673570,0.050296832,0,Low
15627042,0.05029541,0,Low
15778897,0.05028975,0,Low
15668445,0.05023283,0,Low
15653620,0.05019526,0,Low
15735837,0.050166585,0,Low
15813303,0.050150864,0,Low
15767894,0.05013998,0,Low
15572174,0.050117016,0,Low
15660611,0.050077908,0,Low
15667134,0.049930636,0,Low
15765322,0.04986335,0,Low
15775234,0.049845815,0,Low
15722425,0.04980722,0,Low
15594084,0.049802437,0,Low
15725166,0.049797855,0,Low
15661219,0.049788367,0,Low
15707138,0.049772345,0,Low
15812594,0.04976401,0,Low
15730830,0.049690664,0,Low
15740404,0.04966809,0,Low
15752534,0.049666837,0,Low
15664504,0.04964698,0,Low
15736274,0.049626984,0,Low
15746805,0.04957397,0,Low
15749688,0.049549196,0,Low
15763515,0.049489513,0,Low
15579062,0.04948607,0,Low
15588123,0.049446914,0,Low
15778947,0.049422152,0,Low
15782121,0.049406476,0,Low
15805104,0.049396243,0,Low
15751912,0.049391787,0,Low
15649359,0.0493714,0,Low
15585466,0.049295295,0,Low
15702337,0.049255453,0,Low
15803716,0.049250666,0,Low
15722053,0.04920761,0,Low
15757821,0.04905922,0,Low
15796218,0.04903578,0,Low
15592326,0.04902257,0,Low
15566292,0.048976175,0,Low
15684367,0.048869982,0,Low
15576623,0.048840906,0,Low
15781210,0.048830062,0,Low
15765048,0.048815437,0,Low
15768474,0.04879425,0,Low
15626806,0.04877436,0,Low
15712584,0.048724055,0,Low
15630106,0.048658226,0,Low
15662901,0.048647676,0,Low
15623346,0.048627168,0,Low
15589323,0.048544247,0,Low
15636658,0.048527166,0,Low
15685829,0.048518915,0,Low
15575247,0.04846173,0,Low
15725767,0.048445772,0,Low
15567013,0.048402917,0,Low
15640648,0.048393704,0,Low
15760851,0.048393175,0,Low
15709653,0.04838427,0,Low
15713505,0.048314173,0,Low
15752186,0.048302673,0,Low
15791302,0.048265193,0,Low
15625759,0.048265193,0,Low
15720644,0.04824889,0,Low
15610002,0.048059717,0,Low
15749114,0.04803431,0,Low
15726945,0.047885526,0,Low
15691457,0.047859106,0,Low
15616240,0.047830034,0,Low
15807473,0.047581095,0,Low
15694300,0.047569107,0,Low
15677123,0.047490045,0,Low
15583681,0.04748323,0,Low
15752838,0.047445085,0,Low
15765266,0.047403205,0,Low
15694288,0.047372486,0,Low
15680399,0.047354102,0,Low
15684484,0.047340713,0,Low
15733602,0.047340456,0,Low
15677377,0.047284115,0,Low
15716023,0.047260232,0,Low
15759872,0.0472343,0,Low
15591747,0.047216658,0,Low
15755138,0.04706173,0,Low
15718064,0.04702813,0,Low
15790412,0.046979893,0,Low
15621440,0.046788644,0,Low
15589541,0.04673543,0,Low
15807221,0.04670368,0,Low
15700656,0.046685427,0,Low
15711991,0.046670213,0,Low
15717307,0.04665529,0,Low
15624323,0.04658445,0,Low
15682757,0.046568915,0,Low
15660422,0.04654192,0,Low
15621140,0.046516486,0,Low
15585867,0.046508513,0,Low
15775124,0.046501808,0,Low
15646351,0.046498455,0,Low
15775116,0.046458106,0,Low
15589329,0.04643367,0,Low
15699294,0.04633633,0,Low
15692317,0.04631696,0,Low
15694677,0.046312053,0,Low
15710111,0.046302836,0,Low
15766663,0.046218034,0,Low
15698294,0.046204846,0,Low
15704250,0.046196934,0,Low
15673820,0.046181817,0,Low
15771855,0.046152435,0,Low
15575486,0.04610453,0,Low
15718789,0.046066098,0,Low
15732476,0.046006676,0,Low
15651272,0.045967054,0,Low
15726358,0.045928594,0,Low
15673907,0.04588846,0,Low
15814757,0.045859348,0,Low
15766163,0.045827612,0,Low
15794661,0.045762904,0,Low
15676835,0.045738786,0,Low
15663830,0.04569801,0,Low
15737173,0.045691077,0,Low
15567147,0.04567561,0,Low
15578977,0.045619223,0,Low
15777217,0.045547787,0,Low
15770811,0.045547705,0,Low
15652469,0.045540903,0,Low
15625141,0.04549625,0,Low
15698462,0.045464475,0,Low
15783276,0.045365173,0,Low
15708193,0.045364805,0,Low
15693814,0.04535415,0,Low
15595391,0.045340348,0,Low
15677522,0.045340348,0,Low
15645184,0.045329794,0,Low
15798521,0.04532509,0,Low
15599956,0.04514708,0,Low
15600792,0.0451434,0,Low
15726676,0.04510581,0,Low
15775627,0.045033697,0,Low
15624068,0.045009457,0,Low
15774179,0.04500425,0,Low
15572467,0.04500425,0,Low
15615176,0.04499227,0,Low
15580068,0.044978607,0,Low
15774316,0.044966124,0,Low
15813363,0.044916216,0,Low
15693752,0.044847645,0,Low
15713094,0.044837385,0,Low
15671800,0.04482443,0,Low
15785167,0.044822846,0,Low
15606861,0.044644676,0,Low
15593468,0.044577368,0,Low
15580227,0.04457104,0,Low
15639217,0.04457104,0,Low
15609804,0.04456512,0,Low
15668679,0.044556744,0,Low
15733460,0.04452714,0,Low
15773394,0.044490453,0,Low
15762803,0.044410907,0,Low
15783083,0.044376396,0,Low
15711015,0.044298045,0,Low
15694946,0.044253234,0,Low
15737977,0.04424471,0,Low
15736431,0.044227958,0,Low
15745431,0.044204652,0,Low
15606507,0.04418428,0,Low
15703394,0.044062063,0,Low
15579287,0.044004835,0,Low
15676869,0.04400221,0,Low
15701200,0.043976713,0,Low
15572767,0.043952398,0,Low
15609160,0.04389868,0,Low
15637138,0.04384532,0,Low
15761364,0.043832645,0,Low
15632850,0.043819916,0,Low
15566269,0.04380631,0,Low
15629117,0.0438017,0,Low
15807312,0.043741804,0,Low
15654463,0.04371623,0,Low
15596228,0.043679535,0,Low
15587311,0.043549594,0,Low
15733883,0.04353773,0,Low
15668521,0.04353332,0,Low
15597265,0.043504838,0,Low
15805627,0.04345119,0,Low
15790958,0.043447543,0,Low
15632859,0.04343793,0,Low
15586699,0.043424796,0,Low
15736879,0.043385092,0,Low
15626143,0.043383725,0,Low
15665943,0.04329222,0,Low
15641122,0.04327899,0,Low
15777179,0.04327519,0,Low
15700650,0.04324319,0,Low
15699598,0.043229558,0,Low
15658852,0.0431965,0,Low
15795149,0.043156676,0,Low
15723028,0.043111578,0,Low
15757931,0.04310262,0,Low
15693203,0.04303318,0,Low
15651369,0.04293275,0,Low
15785819,0.042876016,0,Low
15601116,0.042805526,0,Low
15642710,0.04270544,0,Low
15811773,0.0426773,0,Low
15622494,0.042676345,0,Low
15662865,0.042628508,0,Low
15643438,0.04262076,0,Low
15576219,0.042595074,0,Low
15660200,0.042550486,0,Low
15802478,0.042520463,0,Low
15622443,0.04251959,0,Low
15608230,0.04242117,0,Low
15614054,0.04229135,0,Low
15704651,0.04228306,0,Low
15570855,0.042190015,0,Low
15578006,0.04217129,0,Low
15587584,0.04198772,0,Low
15623430,0.041967224,0,Low
15594436,0.041929204,0,Low
15628007,0.041875247,0,Low
15647207,0.04185486,0,Low
15724944,0.0418498,0,Low
15725068,0.04181423,0,Low
15664772,0.04168971,0,Low
15682084,0.04167237,0,Low
15659325,0.041655764,0,Low
15770225,0.04162728,0,Low
15745794,0.041610476,0,Low
15783541,0.04156886,0,Low
15805162,0.041525356,0,Low
15592123,0.04152065,0,Low
15669516,0.041487303,0,Low
15585455,0.0414033,0,Low
15748995,0.041400548,0,Low
15778287,0.041392937,0,Low
15654891,0.041391663,0,Low
15760880,0.04129832,0,Low
15667554,0.041268405,0,Low
15572374,0.041251257,0,Low
15645744,0.041234136,0,Low
15575605,0.041232806,0,Low
15606003,0.04122849,0,Low
15655774,0.04119544,0,Low
15735222,0.041179955,0,Low
15803764,0.04117186,0,Low
15610765,0.040986694,0,Low
15727688,0.040938664,0,Low
15612444,0.040929474,0,Low
15702300,0.040812455,0,Low
15567442,0.040794525,0,Low
15796617,0.040716376,0,Low
15631162,0.040686395,0,Low
15619280,0.040662847,0,Low
15688395,0.04060835,0,Low
15649354,0.04059864,0,Low
15580805,0.04051159,0,Low
15648064,0.04050835,0,Low
15601008,0.040436547,0,Low
15623649,0.040425647,0,Low
15749167,0.04041469,0,Low
15711288,0.04031163,0,Low
15699507,0.040310483,0,Low
15665760,0.040284753,0,Low
15779529,0.04021713,0,Low
15805254,0.04019976,0,Low
15801701,0.040174074,0,Low
15603216,0.040060394,0,Low
15769781,0.039981827,0,Low
15744046,0.039936658,0,Low
15568328,0.039922133,0,Low
15738487,0.03983819,0,Low
15709412,0.039828334,0,Low
15588517,0.03981567,0,Low
15786237,0.039725095,0,Low
15570004,0.039723366,0,Low
15782778,0.039679956,0,Low
15635598,0.039651085,0,Low
15703119,0.039617714,0,Low
15601892,0.039425407,0,Low
15734311,0.03938459,0,Low
15720847,0.039296817,0,Low
15605327,0.039296817,0,Low
15726167,0.039261468,0,Low
15683977,0.039233662,0,Low
15720725,0.0392001,0,Low
15598802,0.03918547,0,Low
15695103,0.039141126,0,Low
15656921,0.039088383,0,Low
15602124,0.03899709,0,Low
15767681,0.038915075,0,Low
15631693,0.03881284,0,Low
15778752,0.038797624,0,Low
15758510,0.038795818,0,Low
15648005,0.038781703,0,Low
15706899,0.038758557,0,Low
15720713,0.03875797,0,Low
15794493,0.03869218,0,Low
15700937,0.03867528,0,Low
15577402,0.038667154,0,Low
15752588,0.03865142,0,Low
15673584,0.038567297,0,Low
15789095,0.038498808,0,Low
15620751,0.038473804,0,Low
15641043,0.038460195,0,Low
15763747,0.038435172,0,Low
15748616,0.038343392,0,Low
15572073,0.038221873,0,Low
15636684,0.03813639,0,Low
15639314,0.038125448,0,Low
15602841,0.03809957,0,Low
15573318,0.037961345,0,Low
15655794,0.037920285,0,Low
15806184,0.037882283,0,Low
15753248,0.037879948,0,Low
15762821,0.037860572,0,Low
15645571,0.03785666,0,Low
15662245,0.0377983,0,Low
15730738,0.03776074,0,Low
15754574,0.037703846,0,Low
15590476,0.037692785,0,Low
15620443,0.03768033,0,Low
15708713,0.037650924,0,Low
15651955,0.037588008,0,Low
15645766,0.037547365,0,Low
15586821,0.037536766,0,Low
15811842,0.03752218,0,Low
15619626,0.03748425,0,Low
15751193,0.037482426,0,Low
15570326,0.037450064,0,Low
15616172,0.03738801,0,Low
15642544,0.037344404,0,Low
15758546,0.03724226,0,Low
15794895,0.037216544,0,Low
15710397,0.037125994,0,Low
15668460,0.03706803,0,Low
15607877,0.03706438,0,Low
15793883,0.037052043,0,Low
15742369,0.03695469,0,Low
15711921,0.036899466,0,Low
15709256,0.036853697,0,Low
15778830,0.036853317,0,Low
15768887,0.036851194,0,Low
15624374,0.036841802,0,Low
15680843,0.0368185,0,Low
15618437,0.036804363,0,Low
15745804,0.036785513,0,Low
15664204,0.036772143,0,Low
15641715,0.036765523,0,Low
15743075,0.03672985,0,Low
15642093,0.036705825,0,Low
15777033,0.0366954,0,Low
15733876,0.03662291,0,Low
15624229,0.036604133,0,Low
15678779,0.036597677,0,Low
15607170,0.036563244,0,Low
15709136,0.036518127,0,Low
15582847,0.03651317,0,Low
15667451,0.036453538,0,Low
15576526,0.036383722,0,Low
15715877,0.03638301,0,Low
15752846,0.036376648,0,Low
15793585,0.03635241,0,Low
15600027,0.036276624,0,Low
15803681,0.03624947,0,Low
15670066,0.036202226,0,Low
15731865,0.036131334,0,Low
15626679,0.03607955,0,Low
15768476,0.036071524,0,Low
15695225,0.036048416,0,Low
15603594,0.036044832,0,Low
15679693,0.03601495,0,Low
15584453,0.035922542,0,Low
15605067,0.03576059,0,Low
15739223,0.035637967,0,Low
15751336,0.035622053,0,Low
15808784,0.03550313,0,Low
15705885,0.035477333,0,Low
15643679,0.03545554,0,Low
15581089,0.03543292,0,Low
15574137,0.035320252,0,Low
15810227,0.035317864,0,Low
15763194,0.035304226,0,Low
15707132,0.035291642,0,Low
15615016,0.035247352,0,Low
15701768,0.035247073,0,Low
15632967,0.03519572,0,Low
15782311,0.035187688,0,Low
15780256,0.035160527,0,Low
15785183,0.03510626,0,Low
15600626,0.035036635,0,Low
15716800,0.03498345,0,Low
15568982,0.034979455,0,Low
15708256,0.034966797,0,Low
15811490,0.034855396,0,Low
15702631,0.034831826,0,Low
15691446,0.034800537,0,Low
15634373,0.03477869,0,Low
15611105,0.034650102,0,Low
15607112,0.034640726,0,Low
15715715,0.034626164,0,Low
15659064,0.03458035,0,Low
15656627,0.034524564,0,Low
15620936,0.034517128,0,Low
15752956,0.034486726,0,Low
15791316,0.034450337,0,Low
15742638,0.034432933,0,Low
15568104,0.034387875,0,Low
15800554,0.034356765,0,Low
15780215,0.034296844,0,Low
15805261,0.03422272,0,Low
15600992,0.03421369,0,Low
15611338,0.034208804,0,Low
15603883,0.034111094,0,Low
15574558,0.034035776,0,Low
15730360,0.03401617,0,Low
15732293,0.03400822,0,Low
15740283,0.033960428,0,Low
15652069,0.033960428,0,Low
15727546,0.033935625,0,Low
15645835,0.033934,0,Low
15565878,0.0339218,0,Low
15582841,0.033820625,0,Low
15669169,0.033756416,0,Low
15578098,0.033733778,0,Low
15574283,0.033685684,0,Low
15617401,0.033672765,0,Low
15669501,0.03365883,0,Low
15617454,0.03358932,0,Low
15587297,0.03331808,0,Low
15772030,0.033314835,0,Low
15625522,0.03331464,0,Low
15765345,0.033295736,0,Low
15612030,0.033263873,0,Low
15675749,0.033045676,0,Low
15731744,0.033029508,0,Low
15793247,0.033010773,0,Low
15585041,0.032966934,0,Low
15798429,0.032909214,0,Low
15616833,0.032874033,0,Low
15717185,0.03285806,0,Low
15760431,0.032815874,0,Low
15778192,0.03277605,0,Low
15741049,0.03274086,0,Low
15636061,0.032657254,0,Low
15705918,0.032656763,0,Low
15772777,0.032532584,0,Low
15713379,0.032496892,0,Low
15764419,0.03249273,0,Low
15756155,0.0324656,0,Low
15672016,0.032445073,0,Low
15624592,0.03241448,0,Low
15797227,0.032355357,0,Low
15701364,0.032270234,0,Low
15586425,0.032226104,0,Low
15576602,0.032224372,0,Low
15759733,0.032218862,0,Low
15730441,0.032168534,0,Low
15681327,0.032160126,0,Low
15649430,0.032158263,0,Low
15656471,0.032148965,0,Low
15570205,0.032115754,0,Low
15697480,0.03210979,0,Low
15714610,0.03208708,0,Low
15782941,0.03208355,0,Low
15618581,0.032001022,0,Low
15627697,0.03199247,0,Low
15735788,0.031899318,0,Low
15724691,0.031890314,0,Low
15625592,0.03179701,0,Low
15684934,0.031795576,0,Low
15786643,0.03178166,0,Low
15754068,0.031748105,0,Low
15812007,0.031622864,0,Low
15640635,0.031616963,0,Low
15760063,0.031594854,0,Low
15580719,0.03157458,0,Low
15572415,0.031518776,0,Low
15701281,0.03143455,0,Low
15629603,0.03140306,0,Low
15713250,0.03138638,0,Low
15641136,0.031367995,0,Low
15612594,0.031355154,0,Low
15700714,0.031338107,0,Low
15806284,0.031231176,0,Low
15682778,0.031151257,0,Low
15782159,0.03110137,0,Low
15674206,0.031007921,0,Low
15792360,0.030857867,0,Low
15693683,0.03084296,0,Low
15802486,0.030784048,0,Low
15690670,0.030752432,0,Low
15715988,0.030730344,0,Low
15615575,0.030729108,0,Low
15749671,0.030691743,0,Low
15659236,0.03062364,0,Low
15657396,0.03060302,0,Low
15740160,0.030471968,0,Low
15667460,0.030413568,0,Low
15712176,0.030413568,0,Low
15632789,0.030413568,0,Low
15653448,0.030348048,0,Low
15762588,0.03033588,0,Low
15605284,0.03027875,0,Low
15809227,0.030256286,0,Low
15796969,0.030117765,0,Low
15652180,0.030116163,0,Low
15752467,0.030111143,0,Low
15668580,0.030105585,0,Low
15728683,0.03006349,0,Low
15707219,0.030029219,0,Low
15637644,0.029969754,0,Low
15654519,0.02993053,0,Low
15627881,0.029929098,0,Low
15779064,0.02989763,0,Low
15724527,0.029863192,0,Low
15720529,0.029860063,0,Low
15755642,0.02974842,0,Low
15574237,0.029686699,0,Low
15637411,0.029680911,0,Low
15633525,0.029672159,0,Low
15670866,0.029576452,0,Low
15643828,0.02956159,0,Low
15766137,0.029485133,0,Low
15681956,0.029442895,0,Low
15655192,0.029427761,0,Low
15790442,0.029329825,0,Low
15626452,0.029215833,0,Low
15808689,0.029194443,0,Low
15610165,0.029126043,0,Low
15738063,0.029098643,0,Low
15565879,0.029068213,0,Low
15697567,0.029063175,0,Low
15814004,0.029048618,0,Low
15747000,0.029019805,0,Low
15768566,0.028973907,0,Low
15643826,0.028969536,0,Low
15603035,0.02891228,0,Low
15581654,0.028903713,0,Low
15686345,0.028770568,0,Low
15672821,0.02872537,0,Low
15729359,0.028651165,0,Low
15596624,0.028637158,0,Low
15813192,0.02861994,0,Low
15764405,0.02855465,0,Low
15709621,0.028532261,0,Low
15809462,0.028532261,0,Low
15667085,0.028496973,0,Low
15572735,0.028474927,0,Low
15773242,0.028422348,0,Low
15725028,0.02834469,0,Low
15764293,0.02824932,0,Low
15652540,0.028225865,0,Low
15729804,0.028082369,0,Low
15571144,0.028034944,0,Low
15758306,0.028010223,0,Low
15635285,0.027777795,0,Low
15591179,0.027753709,0,Low
15583033,0.027708976,0,Low
15607713,0.027704801,0,Low
15734177,0.027659468,0,Low
15589435,0.02760406,0,Low
15695078,0.027531067,0,Low
15667215,0.027472595,0,Low
15636935,0.027459133,0,Low
15761340,0.027442722,0,Low
15602572,0.027436659,0,Low
15760090,0.027355319,0,Low
15723400,0.02734649,0,Low
15717935,0.027293513,0,Low
15645772,0.027278034,0,Low
15569120,0.02724165,0,Low
15738191,0.027096914,0,Low
15768881,0.027076147,0,Low
15598088,0.027071323,0,Low
15718245,0.027047962,0,Low
15635597,0.026914146,0,Low
15705050,0.026846394,0,Low
15808473,0.026778221,0,Low
15606855,0.026760492,0,Low
15653857,0.02675865,0,Low
15626475,0.02669211,0,Low
15626578,0.026649587,0,Low
15628308,0.02645024,0,Low
15618391,0.02642066,0,Low
15800215,0.02628153,0,Low
15646969,0.02625936,0,Low
15666652,0.026252892,0,Low
15792679,0.02602853,0,Low
15682639,0.02595216,0,Low
15808831,0.025760189,0,Low
15641822,0.025740545,0,Low
15729377,0.025611527,0,Low
15603674,0.025611527,0,Low
15806455,0.025560245,0,Low
15645463,0.025544245,0,Low
15701392,0.025540013,0,Low
15738785,0.025404448,0,Low
15576185,0.025116893,0,Low
15721935,0.025061427,0,Low
15736413,0.024930874,0,Low
15657214,0.024902971,0,Low
15575024,0.024872566,0,Low
15605622,0.02455495,0,Low
15575676,0.024083087,0,Low
15786539,0.024048924,0,Low
15739576,0.02393577,0,Low
15750396,0.023741433,0,Low
15769582,0.023675794,0,Low
15724269,0.023637043,0,Low
15804150,0.023605641,0,Low
15702061,0.023562256,0,Low
15685314,0.023250159,0,Low
15698246,0.02293152,0,Low
15809302,0.021880027,0,Low
15615091,0.02179552,0,Low
15785342,0.021762064,0,Low
15717995,0.021642203,0,Low
15671590,0.021556782,0,Low
15804052,0.021499438,0,Low
15763097,0.021371704,0,Low
15614220,0.021370254,0,Low
15786167,0.021279644,0,Low
15738627,0.020668784,0,Low
15649451,0.020598765,0,Low
15750547,0.020461231,0,Low
15568238,0.020456025,0,Low
15759133,0.020242488,0,Low
15665181,0.020227002,0,Low
15812324,0.020115051,0,Low
15759566,0.019971063,0,Low
15728906,0.019969469,0,Low
15773890,0.019947402,0,Low
15657439,0.019701697,0,Low
15684248,0.019695003,0,Low
15694995,0.019633276,0,Low
15675190,0.01962799,0,Low
15639004,0.019431638,0,Low
15711316,0.0193306,0,Low
15805764,0.019272283,0,Low
15642291,0.019074574,0,Low
15741094,0.01879007,0,Low
15689661,0.018751794,0,Low
15781530,0.018728033,0,Low
15680804,0.018636618,0,Low
15672970,0.018382277,0,Low
15731569,0.018175974,0,Low
15713843,0.01789753,0,Low
15732967,0.0178969,0,Low
15729246,0.017886695,0,Low
15660809,0.017763643,0,Low
15642004,0.017422475,0,Low
15578211,0.017353892,0,Low
15651958,0.01714851,0,Low
15585256,0.016966412,0,Low
15645517,0.016965456,0,Low
15801488,0.016947636,0,Low
15580988,0.016893083,0,Low
15615330,0.016780863,0,Low
15753679,0.01653997,0,Low
15613786,0.01609098,0,Low
15579131,0.016028425,0,Low
15707114,0.01590519,0,Low
15693902,0.015329628,0,Low
15608726,0.015328607,0,Low
15657779,0.015256456,0,Low
15799932,0.014677268,0,Low
15748123,0.01428799,0,Low
