{
  "0": {
    "precision": 0.9656992084432717,
    "recall": 0.4595103578154426,
    "f1-score": 0.6227137388345385,
    "support": 1593.0
  },
  "1": {
    "precision": 0.30676328502415456,
    "recall": 0.9361179361179361,
    "f1-score": 0.46209824135839905,
    "support": 407.0
  },
  "accuracy": 0.5565,
  "macro avg": {
    "precision": 0.6362312467337131,
    "recall": 0.6978141469666894,
    "f1-score": 0.5424059900964688,
    "support": 2000.0
  },
  "weighted avg": {
    "precision": 0.8316057480274813,
    "recall": 0.5565,
    "f1-score": 0.5900284850981442,
    "support": 2000.0
  }
}