{
  "0": {
    "precision": 0.971342383107089,
    "recall": 0.40426867545511613,
    "f1-score": 0.5709219858156028,
    "support": 1593.0
  },
  "1": {
    "precision": 0.29020194465220644,
    "recall": 0.9533169533169533,
    "f1-score": 0.44495412844036697,
    "support": 407.0
  },
  "accuracy": 0.516,
  "macro avg": {
    "precision": 0.6307721638796477,
    "recall": 0.6787928143860347,
    "f1-score": 0.5079380571279849,
    "support": 2000.0
  },
  "weighted avg": {
    "precision": 0.8327303038815204,
    "recall": 0.516,
    "f1-score": 0.5452875268397424,
    "support": 2000.0
  }
}